[Benchmark] >>> cudnn.benchmark == False | cudnn.deterministic == True
[Seed] >>> Set seed: 1
[PARSER] >>>
[SAVED_FILENAME: model.pt] 
[BEST_FILENAME: best.pt] 
[CHECKPOINT_FREQ: 1] 
[CHECKPOINT_MODULES: ['model', 'optimizer', 'lr_scheduler']] 
[CHECKPOINT_FILENAME: checkpoint.tar] 
[SUMMARY_FILENAME: SUMMARY.md] 
[MONITOR_FILENAME: monitors.pkl] 
[MONITOR_BEST_FILENAME: best.pkl] 
[monitors: ['LOSS', 'Recall@1', 'Recall@10', 'Recall@20', 'NDCG@10', 'NDCG@20']] 
[which4best: NDCG@20] 
[root: /kaggle/working/STAIR/data] 
[dataset: tiktok] 
[tasktag: None] 
[config: configs/tiktok_MMRec.yaml] 
[ranking: full] 
[retain_seen: False] 
[device: cuda:0] 
[ddp_backend: nccl] 
[optimizer: adamwsevo] 
[nesterov: False] 
[momentum: 0.9] 
[beta1: 0.9] 
[beta2: 0.999] 
[weight_decay: 0.1] 
[lr: 0.001] 
[batch_size: 1024] 
[epochs: 500] 
[log2file: True] 
[log2console: True] 
[eval_valid: True] 
[eval_test: False] 
[eval_freq: 5] 
[num_workers: 4] 
[seed: 1] 
[benchmark: False] 
[resume: False] 
[id: 0914025933] 
[description: STAIR] 
[embedding_dim: 64] 
[num_layers: 3] 
[mfiles: visual_modality.pkl,textual_modality.pkl,audio_modality.pkl] 
[num_neighbors: 3-3-3] 
[gamma: 0.05] 
[DATA_DIR: data] 
[SUMMARY_DIR: summary] 
[CHECKPOINT_PATH: ./infos/STAIR/tiktok/0] 
[LOG_PATH: ./logs/STAIR/tiktok/0914025933] 

[Wall TIME] >>> Parser.compile takes 0.211074 seconds ...
[MatchingRecDataSet] >>> USER:ID,USER | ITEM:ID,ITEM | TIMESTAMP:TIMESTAMP
+--------+--------+-------------------+---------------+--------+--------+-------+-----------------------+
| #Users | #Items |      Avg.Len      | #Interactions | #Train | #Valid | #Test |        Density        |
+--------+--------+-------------------+---------------+--------+--------+-------+-----------------------+
|  9308  |  6710  | 7.383111302105716 |     68722     | 59541  |  3051  |  6130 | 0.0011003146500902705 |
+--------+--------+-------------------+---------------+--------+--------+-------+-----------------------+
[Wall TIME] >>> BaseSet.compile takes 0.143878 seconds ...
[Wall TIME] >>> RecDataSet.to_heterograph takes 0.012134 seconds ...
/usr/local/lib/python3.12/dist-packages/freerec/graph.py:57: UserWarning: Sparse CSR tensor support is in beta state. If you miss a functionality in the sparse tensor support, please submit a feature request to https://github.com/pytorch/pytorch/issues. (Triggered internally at /pytorch/aten/src/ATen/SparseCsrTensorImpl.cpp:49.)
  ).to_sparse_csr()
[Wall TIME] >>> RecDataSet.to_heterograph takes 0.010905 seconds ...
[Wall TIME] >>> GenTrainPositiveSampler.prepare takes 0.347639 seconds ...
[Wall TIME] >>> ValidSampler.prepare takes 0.011841 seconds ...
[Wall TIME] >>> TestSampler.prepare takes 0.012846 seconds ...
[Coach] >>> Set best meter: NDCG@20 
[1;31m[Warning] FreeRec version of 1.0.1 is required but current version is 0.8.5 [0m
[Wall TIME] >>> Parser.parse takes 0.046325 seconds ...
[Wall TIME] >>> Parser.load takes 0.001800 seconds ...
[DataSet] >>> Auto-bridged symlink: /kaggle/working/STAIR/data/tiktok -> /kaggle/working/STAIR/data/Processed/tiktok
[Wall TIME] >>> ChiefCoach.valid takes 1.642901 seconds ...
[Coach] >>> Better ***NDCG@20*** of ***0.0089*** 
[Coach] >>> TRAIN @Epoch: 0    >>> 
[Coach] >>> VALID @Epoch: 0    >>>  || RECALL@1 Avg: 0.0026 || RECALL@10 Avg: 0.0141 || RECALL@20 Avg: 0.0197 || NDCG@10 Avg: 0.0075 || NDCG@20 Avg: 0.0089
[Coach] >>> TEST  @Epoch: 0    >>> 
[Wall TIME] >>> ChiefCoach.train takes 1.476408 seconds ...
[Coach] >>> TRAIN @Epoch: 1    >>>  || LOSS Avg: 0.66266
[Coach] >>> VALID @Epoch: 1    >>> 
[Coach] >>> TEST  @Epoch: 1    >>> 
[Wall TIME] >>> ChiefCoach.train takes 0.964396 seconds ...
[Coach] >>> TRAIN @Epoch: 2    >>>  || LOSS Avg: 0.65255
[Coach] >>> VALID @Epoch: 2    >>> 
[Coach] >>> TEST  @Epoch: 2    >>> 
[Wall TIME] >>> ChiefCoach.train takes 0.962990 seconds ...
[Coach] >>> TRAIN @Epoch: 3    >>>  || LOSS Avg: 0.63518
[Coach] >>> VALID @Epoch: 3    >>> 
[Coach] >>> TEST  @Epoch: 3    >>> 
[Wall TIME] >>> ChiefCoach.train takes 0.957416 seconds ...
[Coach] >>> TRAIN @Epoch: 4    >>>  || LOSS Avg: 0.60950
[Coach] >>> VALID @Epoch: 4    >>> 
[Coach] >>> TEST  @Epoch: 4    >>> 
[Wall TIME] >>> ChiefCoach.train takes 0.980930 seconds ...
[Wall TIME] >>> ChiefCoach.valid takes 0.208909 seconds ...
[Coach] >>> Better ***NDCG@20*** of ***0.0246*** 
[Coach] >>> TRAIN @Epoch: 5    >>>  || LOSS Avg: 0.57653
[Coach] >>> VALID @Epoch: 5    >>>  || RECALL@1 Avg: 0.0039 || RECALL@10 Avg: 0.0374 || RECALL@20 Avg: 0.0623 || NDCG@10 Avg: 0.0184 || NDCG@20 Avg: 0.0246
[Coach] >>> TEST  @Epoch: 5    >>> 
[Wall TIME] >>> ChiefCoach.train takes 0.952976 seconds ...
[Coach] >>> TRAIN @Epoch: 6    >>>  || LOSS Avg: 0.53827
[Coach] >>> VALID @Epoch: 6    >>> 
[Coach] >>> TEST  @Epoch: 6    >>> 
[Wall TIME] >>> ChiefCoach.train takes 0.971934 seconds ...
[Coach] >>> TRAIN @Epoch: 7    >>>  || LOSS Avg: 0.49713
[Coach] >>> VALID @Epoch: 7    >>> 
[Coach] >>> TEST  @Epoch: 7    >>> 
[Wall TIME] >>> ChiefCoach.train takes 0.987545 seconds ...
[Coach] >>> TRAIN @Epoch: 8    >>>  || LOSS Avg: 0.46034
[Coach] >>> VALID @Epoch: 8    >>> 
[Coach] >>> TEST  @Epoch: 8    >>> 
[Wall TIME] >>> ChiefCoach.train takes 1.047020 seconds ...
[Coach] >>> TRAIN @Epoch: 9    >>>  || LOSS Avg: 0.42735
[Coach] >>> VALID @Epoch: 9    >>> 
[Coach] >>> TEST  @Epoch: 9    >>> 
[Wall TIME] >>> ChiefCoach.train takes 1.070627 seconds ...
[Wall TIME] >>> ChiefCoach.valid takes 0.204678 seconds ...
[Coach] >>> Better ***NDCG@20*** of ***0.0271*** 
[Coach] >>> TRAIN @Epoch: 10   >>>  || LOSS Avg: 0.40122
[Coach] >>> VALID @Epoch: 10   >>>  || RECALL@1 Avg: 0.0056 || RECALL@10 Avg: 0.0410 || RECALL@20 Avg: 0.0678 || NDCG@10 Avg: 0.0205 || NDCG@20 Avg: 0.0271
[Coach] >>> TEST  @Epoch: 10   >>> 
[Wall TIME] >>> ChiefCoach.train takes 0.986656 seconds ...
[Coach] >>> TRAIN @Epoch: 11   >>>  || LOSS Avg: 0.37917
[Coach] >>> VALID @Epoch: 11   >>> 
[Coach] >>> TEST  @Epoch: 11   >>> 
[Wall TIME] >>> ChiefCoach.train takes 0.943812 seconds ...
[Coach] >>> TRAIN @Epoch: 12   >>>  || LOSS Avg: 0.36539
[Coach] >>> VALID @Epoch: 12   >>> 
[Coach] >>> TEST  @Epoch: 12   >>> 
[Wall TIME] >>> ChiefCoach.train takes 0.993460 seconds ...
[Coach] >>> TRAIN @Epoch: 13   >>>  || LOSS Avg: 0.35041
[Coach] >>> VALID @Epoch: 13   >>> 
[Coach] >>> TEST  @Epoch: 13   >>> 
[Wall TIME] >>> ChiefCoach.train takes 1.004884 seconds ...
[Coach] >>> TRAIN @Epoch: 14   >>>  || LOSS Avg: 0.33814
[Coach] >>> VALID @Epoch: 14   >>> 
[Coach] >>> TEST  @Epoch: 14   >>> 
[Wall TIME] >>> ChiefCoach.train takes 0.966087 seconds ...
[Wall TIME] >>> ChiefCoach.valid takes 0.202982 seconds ...
[Coach] >>> Better ***NDCG@20*** of ***0.0276*** 
[Coach] >>> TRAIN @Epoch: 15   >>>  || LOSS Avg: 0.33138
[Coach] >>> VALID @Epoch: 15   >>>  || RECALL@1 Avg: 0.0052 || RECALL@10 Avg: 0.0420 || RECALL@20 Avg: 0.0685 || NDCG@10 Avg: 0.0209 || NDCG@20 Avg: 0.0276
[Coach] >>> TEST  @Epoch: 15   >>> 
[Wall TIME] >>> ChiefCoach.train takes 0.949732 seconds ...
[Coach] >>> TRAIN @Epoch: 16   >>>  || LOSS Avg: 0.31943
[Coach] >>> VALID @Epoch: 16   >>> 
[Coach] >>> TEST  @Epoch: 16   >>> 
[Wall TIME] >>> ChiefCoach.train takes 0.965204 seconds ...
[Coach] >>> TRAIN @Epoch: 17   >>>  || LOSS Avg: 0.31328
[Coach] >>> VALID @Epoch: 17   >>> 
[Coach] >>> TEST  @Epoch: 17   >>> 
[Wall TIME] >>> ChiefCoach.train takes 0.955767 seconds ...
[Coach] >>> TRAIN @Epoch: 18   >>>  || LOSS Avg: 0.30475
[Coach] >>> VALID @Epoch: 18   >>> 
[Coach] >>> TEST  @Epoch: 18   >>> 
[Wall TIME] >>> ChiefCoach.train takes 1.043492 seconds ...
[Coach] >>> TRAIN @Epoch: 19   >>>  || LOSS Avg: 0.29862
[Coach] >>> VALID @Epoch: 19   >>> 
[Coach] >>> TEST  @Epoch: 19   >>> 
[Wall TIME] >>> ChiefCoach.train takes 1.908369 seconds ...
[Wall TIME] >>> ChiefCoach.valid takes 0.211277 seconds ...
[Coach] >>> Better ***NDCG@20*** of ***0.0277*** 
[Coach] >>> TRAIN @Epoch: 20   >>>  || LOSS Avg: 0.29316
[Coach] >>> VALID @Epoch: 20   >>>  || RECALL@1 Avg: 0.0049 || RECALL@10 Avg: 0.0433 || RECALL@20 Avg: 0.0698 || NDCG@10 Avg: 0.0211 || NDCG@20 Avg: 0.0277
[Coach] >>> TEST  @Epoch: 20   >>> 
[Wall TIME] >>> ChiefCoach.train takes 0.988037 seconds ...
[Coach] >>> TRAIN @Epoch: 21   >>>  || LOSS Avg: 0.28494
[Coach] >>> VALID @Epoch: 21   >>> 
[Coach] >>> TEST  @Epoch: 21   >>> 
[Wall TIME] >>> ChiefCoach.train takes 0.968277 seconds ...
[Coach] >>> TRAIN @Epoch: 22   >>>  || LOSS Avg: 0.28014
[Coach] >>> VALID @Epoch: 22   >>> 
[Coach] >>> TEST  @Epoch: 22   >>> 
[Wall TIME] >>> ChiefCoach.train takes 1.003951 seconds ...
[Coach] >>> TRAIN @Epoch: 23   >>>  || LOSS Avg: 0.27460
[Coach] >>> VALID @Epoch: 23   >>> 
[Coach] >>> TEST  @Epoch: 23   >>> 
[Wall TIME] >>> ChiefCoach.train takes 0.965108 seconds ...
[Coach] >>> TRAIN @Epoch: 24   >>>  || LOSS Avg: 0.26918
[Coach] >>> VALID @Epoch: 24   >>> 
[Coach] >>> TEST  @Epoch: 24   >>> 
[Wall TIME] >>> ChiefCoach.train takes 0.981747 seconds ...
[Wall TIME] >>> ChiefCoach.valid takes 0.210335 seconds ...
[Coach] >>> Better ***NDCG@20*** of ***0.0280*** 
[Coach] >>> TRAIN @Epoch: 25   >>>  || LOSS Avg: 0.26334
[Coach] >>> VALID @Epoch: 25   >>>  || RECALL@1 Avg: 0.0056 || RECALL@10 Avg: 0.0429 || RECALL@20 Avg: 0.0688 || NDCG@10 Avg: 0.0215 || NDCG@20 Avg: 0.0280
[Coach] >>> TEST  @Epoch: 25   >>> 
[Wall TIME] >>> ChiefCoach.train takes 1.000832 seconds ...
[Coach] >>> TRAIN @Epoch: 26   >>>  || LOSS Avg: 0.25685
[Coach] >>> VALID @Epoch: 26   >>> 
[Coach] >>> TEST  @Epoch: 26   >>> 
[Wall TIME] >>> ChiefCoach.train takes 1.007693 seconds ...
[Coach] >>> TRAIN @Epoch: 27   >>>  || LOSS Avg: 0.25465
[Coach] >>> VALID @Epoch: 27   >>> 
[Coach] >>> TEST  @Epoch: 27   >>> 
[Wall TIME] >>> ChiefCoach.train takes 1.027628 seconds ...
[Coach] >>> TRAIN @Epoch: 28   >>>  || LOSS Avg: 0.24985
[Coach] >>> VALID @Epoch: 28   >>> 
[Coach] >>> TEST  @Epoch: 28   >>> 
[Wall TIME] >>> ChiefCoach.train takes 0.992578 seconds ...
[Coach] >>> TRAIN @Epoch: 29   >>>  || LOSS Avg: 0.24319
[Coach] >>> VALID @Epoch: 29   >>> 
[Coach] >>> TEST  @Epoch: 29   >>> 
[Wall TIME] >>> ChiefCoach.train takes 1.000937 seconds ...
[Wall TIME] >>> ChiefCoach.valid takes 0.207689 seconds ...
[Coach] >>> TRAIN @Epoch: 30   >>>  || LOSS Avg: 0.23782
[Coach] >>> VALID @Epoch: 30   >>>  || RECALL@1 Avg: 0.0059 || RECALL@10 Avg: 0.0436 || RECALL@20 Avg: 0.0682 || NDCG@10 Avg: 0.0218 || NDCG@20 Avg: 0.0280
[Coach] >>> TEST  @Epoch: 30   >>> 
[Wall TIME] >>> ChiefCoach.train takes 0.992659 seconds ...
[Coach] >>> TRAIN @Epoch: 31   >>>  || LOSS Avg: 0.23508
[Coach] >>> VALID @Epoch: 31   >>> 
[Coach] >>> TEST  @Epoch: 31   >>> 
[Wall TIME] >>> ChiefCoach.train takes 1.004319 seconds ...
[Coach] >>> TRAIN @Epoch: 32   >>>  || LOSS Avg: 0.23065
[Coach] >>> VALID @Epoch: 32   >>> 
[Coach] >>> TEST  @Epoch: 32   >>> 
[Wall TIME] >>> ChiefCoach.train takes 0.961098 seconds ...
[Coach] >>> TRAIN @Epoch: 33   >>>  || LOSS Avg: 0.22541
[Coach] >>> VALID @Epoch: 33   >>> 
[Coach] >>> TEST  @Epoch: 33   >>> 
[Wall TIME] >>> ChiefCoach.train takes 0.945073 seconds ...
[Coach] >>> TRAIN @Epoch: 34   >>>  || LOSS Avg: 0.22401
[Coach] >>> VALID @Epoch: 34   >>> 
[Coach] >>> TEST  @Epoch: 34   >>> 
[Wall TIME] >>> ChiefCoach.train takes 0.978309 seconds ...
[Wall TIME] >>> ChiefCoach.valid takes 0.209845 seconds ...
[Coach] >>> Better ***NDCG@20*** of ***0.0286*** 
[Coach] >>> TRAIN @Epoch: 35   >>>  || LOSS Avg: 0.21744
[Coach] >>> VALID @Epoch: 35   >>>  || RECALL@1 Avg: 0.0072 || RECALL@10 Avg: 0.0436 || RECALL@20 Avg: 0.0692 || NDCG@10 Avg: 0.0222 || NDCG@20 Avg: 0.0286
[Coach] >>> TEST  @Epoch: 35   >>> 
[Wall TIME] >>> ChiefCoach.train takes 0.990228 seconds ...
[Coach] >>> TRAIN @Epoch: 36   >>>  || LOSS Avg: 0.21409
[Coach] >>> VALID @Epoch: 36   >>> 
[Coach] >>> TEST  @Epoch: 36   >>> 
[Wall TIME] >>> ChiefCoach.train takes 1.014565 seconds ...
[Coach] >>> TRAIN @Epoch: 37   >>>  || LOSS Avg: 0.21004
[Coach] >>> VALID @Epoch: 37   >>> 
[Coach] >>> TEST  @Epoch: 37   >>> 
[Wall TIME] >>> ChiefCoach.train takes 0.995487 seconds ...
[Coach] >>> TRAIN @Epoch: 38   >>>  || LOSS Avg: 0.20583
[Coach] >>> VALID @Epoch: 38   >>> 
[Coach] >>> TEST  @Epoch: 38   >>> 
[Wall TIME] >>> ChiefCoach.train takes 0.968876 seconds ...
[Coach] >>> TRAIN @Epoch: 39   >>>  || LOSS Avg: 0.20407
[Coach] >>> VALID @Epoch: 39   >>> 
[Coach] >>> TEST  @Epoch: 39   >>> 
[Wall TIME] >>> ChiefCoach.train takes 0.960830 seconds ...
[Wall TIME] >>> ChiefCoach.valid takes 0.205328 seconds ...
[Coach] >>> TRAIN @Epoch: 40   >>>  || LOSS Avg: 0.19963
[Coach] >>> VALID @Epoch: 40   >>>  || RECALL@1 Avg: 0.0066 || RECALL@10 Avg: 0.0439 || RECALL@20 Avg: 0.0688 || NDCG@10 Avg: 0.0221 || NDCG@20 Avg: 0.0284
[Coach] >>> TEST  @Epoch: 40   >>> 
[Wall TIME] >>> ChiefCoach.train takes 0.964678 seconds ...
[Coach] >>> TRAIN @Epoch: 41   >>>  || LOSS Avg: 0.19448
[Coach] >>> VALID @Epoch: 41   >>> 
[Coach] >>> TEST  @Epoch: 41   >>> 
[Wall TIME] >>> ChiefCoach.train takes 0.980718 seconds ...
[Coach] >>> TRAIN @Epoch: 42   >>>  || LOSS Avg: 0.19075
[Coach] >>> VALID @Epoch: 42   >>> 
[Coach] >>> TEST  @Epoch: 42   >>> 
[Wall TIME] >>> ChiefCoach.train takes 1.008847 seconds ...
[Coach] >>> TRAIN @Epoch: 43   >>>  || LOSS Avg: 0.18922
[Coach] >>> VALID @Epoch: 43   >>> 
[Coach] >>> TEST  @Epoch: 43   >>> 
[Wall TIME] >>> ChiefCoach.train takes 0.979714 seconds ...
[Coach] >>> TRAIN @Epoch: 44   >>>  || LOSS Avg: 0.18724
[Coach] >>> VALID @Epoch: 44   >>> 
[Coach] >>> TEST  @Epoch: 44   >>> 
[Wall TIME] >>> ChiefCoach.train takes 0.980070 seconds ...
[Wall TIME] >>> ChiefCoach.valid takes 0.202878 seconds ...
[Coach] >>> TRAIN @Epoch: 45   >>>  || LOSS Avg: 0.18157
[Coach] >>> VALID @Epoch: 45   >>>  || RECALL@1 Avg: 0.0059 || RECALL@10 Avg: 0.0442 || RECALL@20 Avg: 0.0685 || NDCG@10 Avg: 0.0222 || NDCG@20 Avg: 0.0283
[Coach] >>> TEST  @Epoch: 45   >>> 
[Wall TIME] >>> ChiefCoach.train takes 0.964163 seconds ...
[Coach] >>> TRAIN @Epoch: 46   >>>  || LOSS Avg: 0.17981
[Coach] >>> VALID @Epoch: 46   >>> 
[Coach] >>> TEST  @Epoch: 46   >>> 
[Wall TIME] >>> ChiefCoach.train takes 1.017287 seconds ...
[Coach] >>> TRAIN @Epoch: 47   >>>  || LOSS Avg: 0.17677
[Coach] >>> VALID @Epoch: 47   >>> 
[Coach] >>> TEST  @Epoch: 47   >>> 
[Wall TIME] >>> ChiefCoach.train takes 1.005314 seconds ...
[Coach] >>> TRAIN @Epoch: 48   >>>  || LOSS Avg: 0.17440
[Coach] >>> VALID @Epoch: 48   >>> 
[Coach] >>> TEST  @Epoch: 48   >>> 
[Wall TIME] >>> ChiefCoach.train takes 1.005101 seconds ...
[Coach] >>> TRAIN @Epoch: 49   >>>  || LOSS Avg: 0.17168
[Coach] >>> VALID @Epoch: 49   >>> 
[Coach] >>> TEST  @Epoch: 49   >>> 
[Wall TIME] >>> ChiefCoach.train takes 0.955349 seconds ...
[Wall TIME] >>> ChiefCoach.valid takes 0.201503 seconds ...
[Coach] >>> TRAIN @Epoch: 50   >>>  || LOSS Avg: 0.16687
[Coach] >>> VALID @Epoch: 50   >>>  || RECALL@1 Avg: 0.0066 || RECALL@10 Avg: 0.0452 || RECALL@20 Avg: 0.0675 || NDCG@10 Avg: 0.0226 || NDCG@20 Avg: 0.0282
[Coach] >>> TEST  @Epoch: 50   >>> 
[Wall TIME] >>> ChiefCoach.train takes 1.019691 seconds ...
[Coach] >>> TRAIN @Epoch: 51   >>>  || LOSS Avg: 0.16802
[Coach] >>> VALID @Epoch: 51   >>> 
[Coach] >>> TEST  @Epoch: 51   >>> 
[Wall TIME] >>> ChiefCoach.train takes 0.979384 seconds ...
[Coach] >>> TRAIN @Epoch: 52   >>>  || LOSS Avg: 0.16306
[Coach] >>> VALID @Epoch: 52   >>> 
[Coach] >>> TEST  @Epoch: 52   >>> 
[Wall TIME] >>> ChiefCoach.train takes 0.971347 seconds ...
[Coach] >>> TRAIN @Epoch: 53   >>>  || LOSS Avg: 0.16087
[Coach] >>> VALID @Epoch: 53   >>> 
[Coach] >>> TEST  @Epoch: 53   >>> 
[Wall TIME] >>> ChiefCoach.train takes 0.969321 seconds ...
[Coach] >>> TRAIN @Epoch: 54   >>>  || LOSS Avg: 0.15798
[Coach] >>> VALID @Epoch: 54   >>> 
[Coach] >>> TEST  @Epoch: 54   >>> 
[Wall TIME] >>> ChiefCoach.train takes 1.431501 seconds ...
[Wall TIME] >>> ChiefCoach.valid takes 0.209870 seconds ...
[Coach] >>> Better ***NDCG@20*** of ***0.0287*** 
[Coach] >>> TRAIN @Epoch: 55   >>>  || LOSS Avg: 0.15754
[Coach] >>> VALID @Epoch: 55   >>>  || RECALL@1 Avg: 0.0072 || RECALL@10 Avg: 0.0429 || RECALL@20 Avg: 0.0678 || NDCG@10 Avg: 0.0223 || NDCG@20 Avg: 0.0287
[Coach] >>> TEST  @Epoch: 55   >>> 
[Wall TIME] >>> ChiefCoach.train takes 1.493401 seconds ...
[Coach] >>> TRAIN @Epoch: 56   >>>  || LOSS Avg: 0.15276
[Coach] >>> VALID @Epoch: 56   >>> 
[Coach] >>> TEST  @Epoch: 56   >>> 
[Wall TIME] >>> ChiefCoach.train takes 0.976229 seconds ...
[Coach] >>> TRAIN @Epoch: 57   >>>  || LOSS Avg: 0.15246
[Coach] >>> VALID @Epoch: 57   >>> 
[Coach] >>> TEST  @Epoch: 57   >>> 
[Wall TIME] >>> ChiefCoach.train takes 1.017363 seconds ...
[Coach] >>> TRAIN @Epoch: 58   >>>  || LOSS Avg: 0.15038
[Coach] >>> VALID @Epoch: 58   >>> 
[Coach] >>> TEST  @Epoch: 58   >>> 
[Wall TIME] >>> ChiefCoach.train takes 1.008704 seconds ...
[Coach] >>> TRAIN @Epoch: 59   >>>  || LOSS Avg: 0.14699
[Coach] >>> VALID @Epoch: 59   >>> 
[Coach] >>> TEST  @Epoch: 59   >>> 
[Wall TIME] >>> ChiefCoach.train takes 0.987163 seconds ...
[Wall TIME] >>> ChiefCoach.valid takes 0.204207 seconds ...
[Coach] >>> Better ***NDCG@20*** of ***0.0292*** 
[Coach] >>> TRAIN @Epoch: 60   >>>  || LOSS Avg: 0.14445
[Coach] >>> VALID @Epoch: 60   >>>  || RECALL@1 Avg: 0.0069 || RECALL@10 Avg: 0.0442 || RECALL@20 Avg: 0.0698 || NDCG@10 Avg: 0.0227 || NDCG@20 Avg: 0.0292
[Coach] >>> TEST  @Epoch: 60   >>> 
[Wall TIME] >>> ChiefCoach.train takes 0.991619 seconds ...
[Coach] >>> TRAIN @Epoch: 61   >>>  || LOSS Avg: 0.14323
[Coach] >>> VALID @Epoch: 61   >>> 
[Coach] >>> TEST  @Epoch: 61   >>> 
[Wall TIME] >>> ChiefCoach.train takes 0.995922 seconds ...
[Coach] >>> TRAIN @Epoch: 62   >>>  || LOSS Avg: 0.14077
[Coach] >>> VALID @Epoch: 62   >>> 
[Coach] >>> TEST  @Epoch: 62   >>> 
[Wall TIME] >>> ChiefCoach.train takes 0.974506 seconds ...
[Coach] >>> TRAIN @Epoch: 63   >>>  || LOSS Avg: 0.13916
[Coach] >>> VALID @Epoch: 63   >>> 
[Coach] >>> TEST  @Epoch: 63   >>> 
[Wall TIME] >>> ChiefCoach.train takes 0.997765 seconds ...
[Coach] >>> TRAIN @Epoch: 64   >>>  || LOSS Avg: 0.13713
[Coach] >>> VALID @Epoch: 64   >>> 
[Coach] >>> TEST  @Epoch: 64   >>> 
[Wall TIME] >>> ChiefCoach.train takes 0.994042 seconds ...
[Wall TIME] >>> ChiefCoach.valid takes 0.203166 seconds ...
[Coach] >>> Better ***NDCG@20*** of ***0.0298*** 
[Coach] >>> TRAIN @Epoch: 65   >>>  || LOSS Avg: 0.13520
[Coach] >>> VALID @Epoch: 65   >>>  || RECALL@1 Avg: 0.0085 || RECALL@10 Avg: 0.0436 || RECALL@20 Avg: 0.0688 || NDCG@10 Avg: 0.0234 || NDCG@20 Avg: 0.0298
[Coach] >>> TEST  @Epoch: 65   >>> 
[Wall TIME] >>> ChiefCoach.train takes 0.966835 seconds ...
[Coach] >>> TRAIN @Epoch: 66   >>>  || LOSS Avg: 0.13293
[Coach] >>> VALID @Epoch: 66   >>> 
[Coach] >>> TEST  @Epoch: 66   >>> 
[Wall TIME] >>> ChiefCoach.train takes 0.972165 seconds ...
[Coach] >>> TRAIN @Epoch: 67   >>>  || LOSS Avg: 0.13100
[Coach] >>> VALID @Epoch: 67   >>> 
[Coach] >>> TEST  @Epoch: 67   >>> 
[Wall TIME] >>> ChiefCoach.train takes 0.958158 seconds ...
[Coach] >>> TRAIN @Epoch: 68   >>>  || LOSS Avg: 0.12940
[Coach] >>> VALID @Epoch: 68   >>> 
[Coach] >>> TEST  @Epoch: 68   >>> 
[Wall TIME] >>> ChiefCoach.train takes 0.972306 seconds ...
[Coach] >>> TRAIN @Epoch: 69   >>>  || LOSS Avg: 0.12946
[Coach] >>> VALID @Epoch: 69   >>> 
[Coach] >>> TEST  @Epoch: 69   >>> 
[Wall TIME] >>> ChiefCoach.train takes 0.988315 seconds ...
[Wall TIME] >>> ChiefCoach.valid takes 0.202640 seconds ...
[Coach] >>> Better ***NDCG@20*** of ***0.0311*** 
[Coach] >>> TRAIN @Epoch: 70   >>>  || LOSS Avg: 0.12705
[Coach] >>> VALID @Epoch: 70   >>>  || RECALL@1 Avg: 0.0098 || RECALL@10 Avg: 0.0446 || RECALL@20 Avg: 0.0711 || NDCG@10 Avg: 0.0245 || NDCG@20 Avg: 0.0311
[Coach] >>> TEST  @Epoch: 70   >>> 
[Wall TIME] >>> ChiefCoach.train takes 0.975901 seconds ...
[Coach] >>> TRAIN @Epoch: 71   >>>  || LOSS Avg: 0.12714
[Coach] >>> VALID @Epoch: 71   >>> 
[Coach] >>> TEST  @Epoch: 71   >>> 
[Wall TIME] >>> ChiefCoach.train takes 0.979597 seconds ...
[Coach] >>> TRAIN @Epoch: 72   >>>  || LOSS Avg: 0.12510
[Coach] >>> VALID @Epoch: 72   >>> 
[Coach] >>> TEST  @Epoch: 72   >>> 
[Wall TIME] >>> ChiefCoach.train takes 0.977053 seconds ...
[Coach] >>> TRAIN @Epoch: 73   >>>  || LOSS Avg: 0.12195
[Coach] >>> VALID @Epoch: 73   >>> 
[Coach] >>> TEST  @Epoch: 73   >>> 
[Wall TIME] >>> ChiefCoach.train takes 1.019828 seconds ...
[Coach] >>> TRAIN @Epoch: 74   >>>  || LOSS Avg: 0.12231
[Coach] >>> VALID @Epoch: 74   >>> 
[Coach] >>> TEST  @Epoch: 74   >>> 
[Wall TIME] >>> ChiefCoach.train takes 0.987243 seconds ...
[Wall TIME] >>> ChiefCoach.valid takes 0.203682 seconds ...
[Coach] >>> Better ***NDCG@20*** of ***0.0315*** 
[Coach] >>> TRAIN @Epoch: 75   >>>  || LOSS Avg: 0.12124
[Coach] >>> VALID @Epoch: 75   >>>  || RECALL@1 Avg: 0.0098 || RECALL@10 Avg: 0.0446 || RECALL@20 Avg: 0.0728 || NDCG@10 Avg: 0.0245 || NDCG@20 Avg: 0.0315
[Coach] >>> TEST  @Epoch: 75   >>> 
[Wall TIME] >>> ChiefCoach.train takes 0.982746 seconds ...
[Coach] >>> TRAIN @Epoch: 76   >>>  || LOSS Avg: 0.12047
[Coach] >>> VALID @Epoch: 76   >>> 
[Coach] >>> TEST  @Epoch: 76   >>> 
[Wall TIME] >>> ChiefCoach.train takes 0.977660 seconds ...
[Coach] >>> TRAIN @Epoch: 77   >>>  || LOSS Avg: 0.11715
[Coach] >>> VALID @Epoch: 77   >>> 
[Coach] >>> TEST  @Epoch: 77   >>> 
[Wall TIME] >>> ChiefCoach.train takes 0.986280 seconds ...
[Coach] >>> TRAIN @Epoch: 78   >>>  || LOSS Avg: 0.11450
[Coach] >>> VALID @Epoch: 78   >>> 
[Coach] >>> TEST  @Epoch: 78   >>> 
[Wall TIME] >>> ChiefCoach.train takes 1.004933 seconds ...
[Coach] >>> TRAIN @Epoch: 79   >>>  || LOSS Avg: 0.11293
[Coach] >>> VALID @Epoch: 79   >>> 
[Coach] >>> TEST  @Epoch: 79   >>> 
[Wall TIME] >>> ChiefCoach.train takes 0.993282 seconds ...
[Wall TIME] >>> ChiefCoach.valid takes 0.207723 seconds ...
[Coach] >>> Better ***NDCG@20*** of ***0.0325*** 
[Coach] >>> TRAIN @Epoch: 80   >>>  || LOSS Avg: 0.11319
[Coach] >>> VALID @Epoch: 80   >>>  || RECALL@1 Avg: 0.0108 || RECALL@10 Avg: 0.0456 || RECALL@20 Avg: 0.0751 || NDCG@10 Avg: 0.0252 || NDCG@20 Avg: 0.0325
[Coach] >>> TEST  @Epoch: 80   >>> 
[Wall TIME] >>> ChiefCoach.train takes 0.970619 seconds ...
[Coach] >>> TRAIN @Epoch: 81   >>>  || LOSS Avg: 0.11150
[Coach] >>> VALID @Epoch: 81   >>> 
[Coach] >>> TEST  @Epoch: 81   >>> 
[Wall TIME] >>> ChiefCoach.train takes 0.977697 seconds ...
[Coach] >>> TRAIN @Epoch: 82   >>>  || LOSS Avg: 0.10903
[Coach] >>> VALID @Epoch: 82   >>> 
[Coach] >>> TEST  @Epoch: 82   >>> 
[Wall TIME] >>> ChiefCoach.train takes 0.992309 seconds ...
[Coach] >>> TRAIN @Epoch: 83   >>>  || LOSS Avg: 0.10877
[Coach] >>> VALID @Epoch: 83   >>> 
[Coach] >>> TEST  @Epoch: 83   >>> 
[Wall TIME] >>> ChiefCoach.train takes 1.463592 seconds ...
[Coach] >>> TRAIN @Epoch: 84   >>>  || LOSS Avg: 0.10682
[Coach] >>> VALID @Epoch: 84   >>> 
[Coach] >>> TEST  @Epoch: 84   >>> 
[Wall TIME] >>> ChiefCoach.train takes 1.392638 seconds ...
[Wall TIME] >>> ChiefCoach.valid takes 0.202206 seconds ...
[Coach] >>> TRAIN @Epoch: 85   >>>  || LOSS Avg: 0.10676
[Coach] >>> VALID @Epoch: 85   >>>  || RECALL@1 Avg: 0.0102 || RECALL@10 Avg: 0.0459 || RECALL@20 Avg: 0.0757 || NDCG@10 Avg: 0.0250 || NDCG@20 Avg: 0.0324
[Coach] >>> TEST  @Epoch: 85   >>> 
[Wall TIME] >>> ChiefCoach.train takes 1.001433 seconds ...
[Coach] >>> TRAIN @Epoch: 86   >>>  || LOSS Avg: 0.10635
[Coach] >>> VALID @Epoch: 86   >>> 
[Coach] >>> TEST  @Epoch: 86   >>> 
[Wall TIME] >>> ChiefCoach.train takes 1.000090 seconds ...
[Coach] >>> TRAIN @Epoch: 87   >>>  || LOSS Avg: 0.10517
[Coach] >>> VALID @Epoch: 87   >>> 
[Coach] >>> TEST  @Epoch: 87   >>> 
[Wall TIME] >>> ChiefCoach.train takes 0.975607 seconds ...
[Coach] >>> TRAIN @Epoch: 88   >>>  || LOSS Avg: 0.10277
[Coach] >>> VALID @Epoch: 88   >>> 
[Coach] >>> TEST  @Epoch: 88   >>> 
[Wall TIME] >>> ChiefCoach.train takes 0.975929 seconds ...
[Coach] >>> TRAIN @Epoch: 89   >>>  || LOSS Avg: 0.10274
[Coach] >>> VALID @Epoch: 89   >>> 
[Coach] >>> TEST  @Epoch: 89   >>> 
[Wall TIME] >>> ChiefCoach.train takes 0.988900 seconds ...
[Wall TIME] >>> ChiefCoach.valid takes 0.208551 seconds ...
[Coach] >>> TRAIN @Epoch: 90   >>>  || LOSS Avg: 0.09998
[Coach] >>> VALID @Epoch: 90   >>>  || RECALL@1 Avg: 0.0102 || RECALL@10 Avg: 0.0462 || RECALL@20 Avg: 0.0744 || NDCG@10 Avg: 0.0253 || NDCG@20 Avg: 0.0323
[Coach] >>> TEST  @Epoch: 90   >>> 
[Wall TIME] >>> ChiefCoach.train takes 0.986484 seconds ...
[Coach] >>> TRAIN @Epoch: 91   >>>  || LOSS Avg: 0.09896
[Coach] >>> VALID @Epoch: 91   >>> 
[Coach] >>> TEST  @Epoch: 91   >>> 
[Wall TIME] >>> ChiefCoach.train takes 1.036916 seconds ...
[Coach] >>> TRAIN @Epoch: 92   >>>  || LOSS Avg: 0.09799
[Coach] >>> VALID @Epoch: 92   >>> 
[Coach] >>> TEST  @Epoch: 92   >>> 
[Wall TIME] >>> ChiefCoach.train takes 0.958317 seconds ...
[Coach] >>> TRAIN @Epoch: 93   >>>  || LOSS Avg: 0.09804
[Coach] >>> VALID @Epoch: 93   >>> 
[Coach] >>> TEST  @Epoch: 93   >>> 
[Wall TIME] >>> ChiefCoach.train takes 0.961961 seconds ...
[Coach] >>> TRAIN @Epoch: 94   >>>  || LOSS Avg: 0.09683
[Coach] >>> VALID @Epoch: 94   >>> 
[Coach] >>> TEST  @Epoch: 94   >>> 
[Wall TIME] >>> ChiefCoach.train takes 1.000946 seconds ...
[Wall TIME] >>> ChiefCoach.valid takes 0.215718 seconds ...
[Coach] >>> Better ***NDCG@20*** of ***0.0326*** 
[Coach] >>> TRAIN @Epoch: 95   >>>  || LOSS Avg: 0.09555
[Coach] >>> VALID @Epoch: 95   >>>  || RECALL@1 Avg: 0.0105 || RECALL@10 Avg: 0.0469 || RECALL@20 Avg: 0.0747 || NDCG@10 Avg: 0.0256 || NDCG@20 Avg: 0.0326
[Coach] >>> TEST  @Epoch: 95   >>> 
[Wall TIME] >>> ChiefCoach.train takes 0.977649 seconds ...
[Coach] >>> TRAIN @Epoch: 96   >>>  || LOSS Avg: 0.09507
[Coach] >>> VALID @Epoch: 96   >>> 
[Coach] >>> TEST  @Epoch: 96   >>> 
[Wall TIME] >>> ChiefCoach.train takes 0.975996 seconds ...
[Coach] >>> TRAIN @Epoch: 97   >>>  || LOSS Avg: 0.09367
[Coach] >>> VALID @Epoch: 97   >>> 
[Coach] >>> TEST  @Epoch: 97   >>> 
[Wall TIME] >>> ChiefCoach.train takes 0.963764 seconds ...
[Coach] >>> TRAIN @Epoch: 98   >>>  || LOSS Avg: 0.09285
[Coach] >>> VALID @Epoch: 98   >>> 
[Coach] >>> TEST  @Epoch: 98   >>> 
[Wall TIME] >>> ChiefCoach.train takes 0.966047 seconds ...
[Coach] >>> TRAIN @Epoch: 99   >>>  || LOSS Avg: 0.09175
[Coach] >>> VALID @Epoch: 99   >>> 
[Coach] >>> TEST  @Epoch: 99   >>> 
[Wall TIME] >>> ChiefCoach.train takes 0.967363 seconds ...
[Wall TIME] >>> ChiefCoach.valid takes 0.219260 seconds ...
[Coach] >>> Better ***NDCG@20*** of ***0.0328*** 
[Coach] >>> TRAIN @Epoch: 100  >>>  || LOSS Avg: 0.09098
[Coach] >>> VALID @Epoch: 100  >>>  || RECALL@1 Avg: 0.0108 || RECALL@10 Avg: 0.0479 || RECALL@20 Avg: 0.0754 || NDCG@10 Avg: 0.0259 || NDCG@20 Avg: 0.0328
[Coach] >>> TEST  @Epoch: 100  >>> 
[Wall TIME] >>> ChiefCoach.train takes 0.955980 seconds ...
[Coach] >>> TRAIN @Epoch: 101  >>>  || LOSS Avg: 0.09005
[Coach] >>> VALID @Epoch: 101  >>> 
[Coach] >>> TEST  @Epoch: 101  >>> 
[Wall TIME] >>> ChiefCoach.train takes 1.017148 seconds ...
[Coach] >>> TRAIN @Epoch: 102  >>>  || LOSS Avg: 0.08921
[Coach] >>> VALID @Epoch: 102  >>> 
[Coach] >>> TEST  @Epoch: 102  >>> 
[Wall TIME] >>> ChiefCoach.train takes 0.955522 seconds ...
[Coach] >>> TRAIN @Epoch: 103  >>>  || LOSS Avg: 0.08913
[Coach] >>> VALID @Epoch: 103  >>> 
[Coach] >>> TEST  @Epoch: 103  >>> 
[Wall TIME] >>> ChiefCoach.train takes 0.936099 seconds ...
[Coach] >>> TRAIN @Epoch: 104  >>>  || LOSS Avg: 0.08683
[Coach] >>> VALID @Epoch: 104  >>> 
[Coach] >>> TEST  @Epoch: 104  >>> 
[Wall TIME] >>> ChiefCoach.train takes 0.966777 seconds ...
[Wall TIME] >>> ChiefCoach.valid takes 0.219071 seconds ...
[Coach] >>> Better ***NDCG@20*** of ***0.0329*** 
[Coach] >>> TRAIN @Epoch: 105  >>>  || LOSS Avg: 0.08670
[Coach] >>> VALID @Epoch: 105  >>>  || RECALL@1 Avg: 0.0108 || RECALL@10 Avg: 0.0479 || RECALL@20 Avg: 0.0751 || NDCG@10 Avg: 0.0261 || NDCG@20 Avg: 0.0329
[Coach] >>> TEST  @Epoch: 105  >>> 
[Wall TIME] >>> ChiefCoach.train takes 1.008892 seconds ...
[Coach] >>> TRAIN @Epoch: 106  >>>  || LOSS Avg: 0.08654
[Coach] >>> VALID @Epoch: 106  >>> 
[Coach] >>> TEST  @Epoch: 106  >>> 
[Wall TIME] >>> ChiefCoach.train takes 0.978558 seconds ...
[Coach] >>> TRAIN @Epoch: 107  >>>  || LOSS Avg: 0.08561
[Coach] >>> VALID @Epoch: 107  >>> 
[Coach] >>> TEST  @Epoch: 107  >>> 
[Wall TIME] >>> ChiefCoach.train takes 0.995337 seconds ...
[Coach] >>> TRAIN @Epoch: 108  >>>  || LOSS Avg: 0.08622
[Coach] >>> VALID @Epoch: 108  >>> 
[Coach] >>> TEST  @Epoch: 108  >>> 
[Wall TIME] >>> ChiefCoach.train takes 0.971582 seconds ...
[Coach] >>> TRAIN @Epoch: 109  >>>  || LOSS Avg: 0.08418
[Coach] >>> VALID @Epoch: 109  >>> 
[Coach] >>> TEST  @Epoch: 109  >>> 
[Wall TIME] >>> ChiefCoach.train takes 0.991800 seconds ...
[Wall TIME] >>> ChiefCoach.valid takes 0.230239 seconds ...
[Coach] >>> Better ***NDCG@20*** of ***0.0337*** 
[Coach] >>> TRAIN @Epoch: 110  >>>  || LOSS Avg: 0.08344
[Coach] >>> VALID @Epoch: 110  >>>  || RECALL@1 Avg: 0.0115 || RECALL@10 Avg: 0.0492 || RECALL@20 Avg: 0.0767 || NDCG@10 Avg: 0.0268 || NDCG@20 Avg: 0.0337
[Coach] >>> TEST  @Epoch: 110  >>> 
[Wall TIME] >>> ChiefCoach.train takes 1.019176 seconds ...
[Coach] >>> TRAIN @Epoch: 111  >>>  || LOSS Avg: 0.08257
[Coach] >>> VALID @Epoch: 111  >>> 
[Coach] >>> TEST  @Epoch: 111  >>> 
[Wall TIME] >>> ChiefCoach.train takes 0.965673 seconds ...
[Coach] >>> TRAIN @Epoch: 112  >>>  || LOSS Avg: 0.08174
[Coach] >>> VALID @Epoch: 112  >>> 
[Coach] >>> TEST  @Epoch: 112  >>> 
[Wall TIME] >>> ChiefCoach.train takes 1.008147 seconds ...
[Coach] >>> TRAIN @Epoch: 113  >>>  || LOSS Avg: 0.08051
[Coach] >>> VALID @Epoch: 113  >>> 
[Coach] >>> TEST  @Epoch: 113  >>> 
[Wall TIME] >>> ChiefCoach.train takes 0.953046 seconds ...
[Coach] >>> TRAIN @Epoch: 114  >>>  || LOSS Avg: 0.08200
[Coach] >>> VALID @Epoch: 114  >>> 
[Coach] >>> TEST  @Epoch: 114  >>> 
[Wall TIME] >>> ChiefCoach.train takes 0.988443 seconds ...
[Wall TIME] >>> ChiefCoach.valid takes 0.217046 seconds ...
[Coach] >>> TRAIN @Epoch: 115  >>>  || LOSS Avg: 0.07940
[Coach] >>> VALID @Epoch: 115  >>>  || RECALL@1 Avg: 0.0115 || RECALL@10 Avg: 0.0492 || RECALL@20 Avg: 0.0757 || NDCG@10 Avg: 0.0270 || NDCG@20 Avg: 0.0337
[Coach] >>> TEST  @Epoch: 115  >>> 
[Wall TIME] >>> ChiefCoach.train takes 0.959863 seconds ...
[Coach] >>> TRAIN @Epoch: 116  >>>  || LOSS Avg: 0.07859
[Coach] >>> VALID @Epoch: 116  >>> 
[Coach] >>> TEST  @Epoch: 116  >>> 
[Wall TIME] >>> ChiefCoach.train takes 0.983145 seconds ...
[Coach] >>> TRAIN @Epoch: 117  >>>  || LOSS Avg: 0.07751
[Coach] >>> VALID @Epoch: 117  >>> 
[Coach] >>> TEST  @Epoch: 117  >>> 
[Wall TIME] >>> ChiefCoach.train takes 0.954412 seconds ...
[Coach] >>> TRAIN @Epoch: 118  >>>  || LOSS Avg: 0.07652
[Coach] >>> VALID @Epoch: 118  >>> 
[Coach] >>> TEST  @Epoch: 118  >>> 
[Wall TIME] >>> ChiefCoach.train takes 0.951871 seconds ...
[Coach] >>> TRAIN @Epoch: 119  >>>  || LOSS Avg: 0.07655
[Coach] >>> VALID @Epoch: 119  >>> 
[Coach] >>> TEST  @Epoch: 119  >>> 
[Wall TIME] >>> ChiefCoach.train takes 1.854892 seconds ...
[Wall TIME] >>> ChiefCoach.valid takes 0.200067 seconds ...
[Coach] >>> Better ***NDCG@20*** of ***0.0343*** 
[Coach] >>> TRAIN @Epoch: 120  >>>  || LOSS Avg: 0.07641
[Coach] >>> VALID @Epoch: 120  >>>  || RECALL@1 Avg: 0.0121 || RECALL@10 Avg: 0.0495 || RECALL@20 Avg: 0.0774 || NDCG@10 Avg: 0.0273 || NDCG@20 Avg: 0.0343
[Coach] >>> TEST  @Epoch: 120  >>> 
[Wall TIME] >>> ChiefCoach.train takes 0.958739 seconds ...
[Coach] >>> TRAIN @Epoch: 121  >>>  || LOSS Avg: 0.07562
[Coach] >>> VALID @Epoch: 121  >>> 
[Coach] >>> TEST  @Epoch: 121  >>> 
[Wall TIME] >>> ChiefCoach.train takes 0.971324 seconds ...
[Coach] >>> TRAIN @Epoch: 122  >>>  || LOSS Avg: 0.07438
[Coach] >>> VALID @Epoch: 122  >>> 
[Coach] >>> TEST  @Epoch: 122  >>> 
[Wall TIME] >>> ChiefCoach.train takes 0.979085 seconds ...
[Coach] >>> TRAIN @Epoch: 123  >>>  || LOSS Avg: 0.07297
[Coach] >>> VALID @Epoch: 123  >>> 
[Coach] >>> TEST  @Epoch: 123  >>> 
[Wall TIME] >>> ChiefCoach.train takes 0.956331 seconds ...
[Coach] >>> TRAIN @Epoch: 124  >>>  || LOSS Avg: 0.07318
[Coach] >>> VALID @Epoch: 124  >>> 
[Coach] >>> TEST  @Epoch: 124  >>> 
[Wall TIME] >>> ChiefCoach.train takes 0.981839 seconds ...
[Wall TIME] >>> ChiefCoach.valid takes 0.211661 seconds ...
[Coach] >>> TRAIN @Epoch: 125  >>>  || LOSS Avg: 0.07383
[Coach] >>> VALID @Epoch: 125  >>>  || RECALL@1 Avg: 0.0115 || RECALL@10 Avg: 0.0492 || RECALL@20 Avg: 0.0774 || NDCG@10 Avg: 0.0271 || NDCG@20 Avg: 0.0342
[Coach] >>> TEST  @Epoch: 125  >>> 
[Wall TIME] >>> ChiefCoach.train takes 0.966651 seconds ...
[Coach] >>> TRAIN @Epoch: 126  >>>  || LOSS Avg: 0.07347
[Coach] >>> VALID @Epoch: 126  >>> 
[Coach] >>> TEST  @Epoch: 126  >>> 
[Wall TIME] >>> ChiefCoach.train takes 0.962101 seconds ...
[Coach] >>> TRAIN @Epoch: 127  >>>  || LOSS Avg: 0.07253
[Coach] >>> VALID @Epoch: 127  >>> 
[Coach] >>> TEST  @Epoch: 127  >>> 
[Wall TIME] >>> ChiefCoach.train takes 0.944345 seconds ...
[Coach] >>> TRAIN @Epoch: 128  >>>  || LOSS Avg: 0.07095
[Coach] >>> VALID @Epoch: 128  >>> 
[Coach] >>> TEST  @Epoch: 128  >>> 
[Wall TIME] >>> ChiefCoach.train takes 0.963063 seconds ...
[Coach] >>> TRAIN @Epoch: 129  >>>  || LOSS Avg: 0.07026
[Coach] >>> VALID @Epoch: 129  >>> 
[Coach] >>> TEST  @Epoch: 129  >>> 
[Wall TIME] >>> ChiefCoach.train takes 1.008144 seconds ...
[Wall TIME] >>> ChiefCoach.valid takes 0.213064 seconds ...
[Coach] >>> TRAIN @Epoch: 130  >>>  || LOSS Avg: 0.07073
[Coach] >>> VALID @Epoch: 130  >>>  || RECALL@1 Avg: 0.0125 || RECALL@10 Avg: 0.0498 || RECALL@20 Avg: 0.0760 || NDCG@10 Avg: 0.0276 || NDCG@20 Avg: 0.0342
[Coach] >>> TEST  @Epoch: 130  >>> 
[Wall TIME] >>> ChiefCoach.train takes 0.973947 seconds ...
[Coach] >>> TRAIN @Epoch: 131  >>>  || LOSS Avg: 0.06841
[Coach] >>> VALID @Epoch: 131  >>> 
[Coach] >>> TEST  @Epoch: 131  >>> 
[Wall TIME] >>> ChiefCoach.train takes 0.992800 seconds ...
[Coach] >>> TRAIN @Epoch: 132  >>>  || LOSS Avg: 0.07005
[Coach] >>> VALID @Epoch: 132  >>> 
[Coach] >>> TEST  @Epoch: 132  >>> 
[Wall TIME] >>> ChiefCoach.train takes 0.964835 seconds ...
[Coach] >>> TRAIN @Epoch: 133  >>>  || LOSS Avg: 0.06818
[Coach] >>> VALID @Epoch: 133  >>> 
[Coach] >>> TEST  @Epoch: 133  >>> 
[Wall TIME] >>> ChiefCoach.train takes 0.949740 seconds ...
[Coach] >>> TRAIN @Epoch: 134  >>>  || LOSS Avg: 0.06819
[Coach] >>> VALID @Epoch: 134  >>> 
[Coach] >>> TEST  @Epoch: 134  >>> 
[Wall TIME] >>> ChiefCoach.train takes 1.016985 seconds ...
[Wall TIME] >>> ChiefCoach.valid takes 0.225748 seconds ...
[Coach] >>> TRAIN @Epoch: 135  >>>  || LOSS Avg: 0.06712
[Coach] >>> VALID @Epoch: 135  >>>  || RECALL@1 Avg: 0.0115 || RECALL@10 Avg: 0.0488 || RECALL@20 Avg: 0.0767 || NDCG@10 Avg: 0.0268 || NDCG@20 Avg: 0.0339
[Coach] >>> TEST  @Epoch: 135  >>> 
[Wall TIME] >>> ChiefCoach.train takes 0.998106 seconds ...
[Coach] >>> TRAIN @Epoch: 136  >>>  || LOSS Avg: 0.06679
[Coach] >>> VALID @Epoch: 136  >>> 
[Coach] >>> TEST  @Epoch: 136  >>> 
[Wall TIME] >>> ChiefCoach.train takes 1.003442 seconds ...
[Coach] >>> TRAIN @Epoch: 137  >>>  || LOSS Avg: 0.06667
[Coach] >>> VALID @Epoch: 137  >>> 
[Coach] >>> TEST  @Epoch: 137  >>> 
[Wall TIME] >>> ChiefCoach.train takes 0.977072 seconds ...
[Coach] >>> TRAIN @Epoch: 138  >>>  || LOSS Avg: 0.06583
[Coach] >>> VALID @Epoch: 138  >>> 
[Coach] >>> TEST  @Epoch: 138  >>> 
[Wall TIME] >>> ChiefCoach.train takes 1.008557 seconds ...
[Coach] >>> TRAIN @Epoch: 139  >>>  || LOSS Avg: 0.06517
[Coach] >>> VALID @Epoch: 139  >>> 
[Coach] >>> TEST  @Epoch: 139  >>> 
[Wall TIME] >>> ChiefCoach.train takes 0.963931 seconds ...
[Wall TIME] >>> ChiefCoach.valid takes 0.216600 seconds ...
[Coach] >>> TRAIN @Epoch: 140  >>>  || LOSS Avg: 0.06509
[Coach] >>> VALID @Epoch: 140  >>>  || RECALL@1 Avg: 0.0115 || RECALL@10 Avg: 0.0492 || RECALL@20 Avg: 0.0777 || NDCG@10 Avg: 0.0271 || NDCG@20 Avg: 0.0342
[Coach] >>> TEST  @Epoch: 140  >>> 
[Wall TIME] >>> ChiefCoach.train takes 0.973577 seconds ...
[Coach] >>> TRAIN @Epoch: 141  >>>  || LOSS Avg: 0.06450
[Coach] >>> VALID @Epoch: 141  >>> 
[Coach] >>> TEST  @Epoch: 141  >>> 
[Wall TIME] >>> ChiefCoach.train takes 0.977091 seconds ...
[Coach] >>> TRAIN @Epoch: 142  >>>  || LOSS Avg: 0.06419
[Coach] >>> VALID @Epoch: 142  >>> 
[Coach] >>> TEST  @Epoch: 142  >>> 
[Wall TIME] >>> ChiefCoach.train takes 0.980945 seconds ...
[Coach] >>> TRAIN @Epoch: 143  >>>  || LOSS Avg: 0.06332
[Coach] >>> VALID @Epoch: 143  >>> 
[Coach] >>> TEST  @Epoch: 143  >>> 
[Wall TIME] >>> ChiefCoach.train takes 0.985137 seconds ...
[Coach] >>> TRAIN @Epoch: 144  >>>  || LOSS Avg: 0.06282
[Coach] >>> VALID @Epoch: 144  >>> 
[Coach] >>> TEST  @Epoch: 144  >>> 
[Wall TIME] >>> ChiefCoach.train takes 0.958130 seconds ...
[Wall TIME] >>> ChiefCoach.valid takes 0.218840 seconds ...
[Coach] >>> TRAIN @Epoch: 145  >>>  || LOSS Avg: 0.06281
[Coach] >>> VALID @Epoch: 145  >>>  || RECALL@1 Avg: 0.0115 || RECALL@10 Avg: 0.0492 || RECALL@20 Avg: 0.0770 || NDCG@10 Avg: 0.0271 || NDCG@20 Avg: 0.0342
[Coach] >>> TEST  @Epoch: 145  >>> 
[Wall TIME] >>> ChiefCoach.train takes 0.955916 seconds ...
[Coach] >>> TRAIN @Epoch: 146  >>>  || LOSS Avg: 0.06221
[Coach] >>> VALID @Epoch: 146  >>> 
[Coach] >>> TEST  @Epoch: 146  >>> 
[Wall TIME] >>> ChiefCoach.train takes 0.962588 seconds ...
[Coach] >>> TRAIN @Epoch: 147  >>>  || LOSS Avg: 0.06263
[Coach] >>> VALID @Epoch: 147  >>> 
[Coach] >>> TEST  @Epoch: 147  >>> 
[Wall TIME] >>> ChiefCoach.train takes 0.964544 seconds ...
[Coach] >>> TRAIN @Epoch: 148  >>>  || LOSS Avg: 0.06143
[Coach] >>> VALID @Epoch: 148  >>> 
[Coach] >>> TEST  @Epoch: 148  >>> 
[Wall TIME] >>> ChiefCoach.train takes 1.008078 seconds ...
[Coach] >>> TRAIN @Epoch: 149  >>>  || LOSS Avg: 0.06109
[Coach] >>> VALID @Epoch: 149  >>> 
[Coach] >>> TEST  @Epoch: 149  >>> 
[Wall TIME] >>> ChiefCoach.train takes 0.968391 seconds ...
[Wall TIME] >>> ChiefCoach.valid takes 0.203343 seconds ...
[Coach] >>> TRAIN @Epoch: 150  >>>  || LOSS Avg: 0.06076
[Coach] >>> VALID @Epoch: 150  >>>  || RECALL@1 Avg: 0.0118 || RECALL@10 Avg: 0.0501 || RECALL@20 Avg: 0.0764 || NDCG@10 Avg: 0.0276 || NDCG@20 Avg: 0.0342
[Coach] >>> TEST  @Epoch: 150  >>> 
[Wall TIME] >>> ChiefCoach.train takes 0.936370 seconds ...
[Coach] >>> TRAIN @Epoch: 151  >>>  || LOSS Avg: 0.05980
[Coach] >>> VALID @Epoch: 151  >>> 
[Coach] >>> TEST  @Epoch: 151  >>> 
[Wall TIME] >>> ChiefCoach.train takes 0.952897 seconds ...
[Coach] >>> TRAIN @Epoch: 152  >>>  || LOSS Avg: 0.05951
[Coach] >>> VALID @Epoch: 152  >>> 
[Coach] >>> TEST  @Epoch: 152  >>> 
[Wall TIME] >>> ChiefCoach.train takes 0.967139 seconds ...
[Coach] >>> TRAIN @Epoch: 153  >>>  || LOSS Avg: 0.05931
[Coach] >>> VALID @Epoch: 153  >>> 
[Coach] >>> TEST  @Epoch: 153  >>> 
[Wall TIME] >>> ChiefCoach.train takes 1.800234 seconds ...
[Coach] >>> TRAIN @Epoch: 154  >>>  || LOSS Avg: 0.05784
[Coach] >>> VALID @Epoch: 154  >>> 
[Coach] >>> TEST  @Epoch: 154  >>> 
[Wall TIME] >>> ChiefCoach.train takes 0.963580 seconds ...
[Wall TIME] >>> ChiefCoach.valid takes 0.221603 seconds ...
[Coach] >>> Better ***NDCG@20*** of ***0.0346*** 
[Coach] >>> TRAIN @Epoch: 155  >>>  || LOSS Avg: 0.05835
[Coach] >>> VALID @Epoch: 155  >>>  || RECALL@1 Avg: 0.0118 || RECALL@10 Avg: 0.0511 || RECALL@20 Avg: 0.0774 || NDCG@10 Avg: 0.0280 || NDCG@20 Avg: 0.0346
[Coach] >>> TEST  @Epoch: 155  >>> 
[Wall TIME] >>> ChiefCoach.train takes 0.972825 seconds ...
[Coach] >>> TRAIN @Epoch: 156  >>>  || LOSS Avg: 0.05835
[Coach] >>> VALID @Epoch: 156  >>> 
[Coach] >>> TEST  @Epoch: 156  >>> 
[Wall TIME] >>> ChiefCoach.train takes 1.007646 seconds ...
[Coach] >>> TRAIN @Epoch: 157  >>>  || LOSS Avg: 0.05747
[Coach] >>> VALID @Epoch: 157  >>> 
[Coach] >>> TEST  @Epoch: 157  >>> 
[Wall TIME] >>> ChiefCoach.train takes 1.021496 seconds ...
[Coach] >>> TRAIN @Epoch: 158  >>>  || LOSS Avg: 0.05796
[Coach] >>> VALID @Epoch: 158  >>> 
[Coach] >>> TEST  @Epoch: 158  >>> 
[Wall TIME] >>> ChiefCoach.train takes 0.947991 seconds ...
[Coach] >>> TRAIN @Epoch: 159  >>>  || LOSS Avg: 0.05646
[Coach] >>> VALID @Epoch: 159  >>> 
[Coach] >>> TEST  @Epoch: 159  >>> 
[Wall TIME] >>> ChiefCoach.train takes 0.986446 seconds ...
[Wall TIME] >>> ChiefCoach.valid takes 0.218238 seconds ...
[Coach] >>> TRAIN @Epoch: 160  >>>  || LOSS Avg: 0.05658
[Coach] >>> VALID @Epoch: 160  >>>  || RECALL@1 Avg: 0.0118 || RECALL@10 Avg: 0.0505 || RECALL@20 Avg: 0.0777 || NDCG@10 Avg: 0.0276 || NDCG@20 Avg: 0.0345
[Coach] >>> TEST  @Epoch: 160  >>> 
[Wall TIME] >>> ChiefCoach.train takes 0.971382 seconds ...
[Coach] >>> TRAIN @Epoch: 161  >>>  || LOSS Avg: 0.05594
[Coach] >>> VALID @Epoch: 161  >>> 
[Coach] >>> TEST  @Epoch: 161  >>> 
[Wall TIME] >>> ChiefCoach.train takes 0.971008 seconds ...
[Coach] >>> TRAIN @Epoch: 162  >>>  || LOSS Avg: 0.05486
[Coach] >>> VALID @Epoch: 162  >>> 
[Coach] >>> TEST  @Epoch: 162  >>> 
[Wall TIME] >>> ChiefCoach.train takes 0.977380 seconds ...
[Coach] >>> TRAIN @Epoch: 163  >>>  || LOSS Avg: 0.05396
[Coach] >>> VALID @Epoch: 163  >>> 
[Coach] >>> TEST  @Epoch: 163  >>> 
[Wall TIME] >>> ChiefCoach.train takes 0.960918 seconds ...
[Coach] >>> TRAIN @Epoch: 164  >>>  || LOSS Avg: 0.05438
[Coach] >>> VALID @Epoch: 164  >>> 
[Coach] >>> TEST  @Epoch: 164  >>> 
[Wall TIME] >>> ChiefCoach.train takes 0.995590 seconds ...
[Wall TIME] >>> ChiefCoach.valid takes 0.219033 seconds ...
[Coach] >>> TRAIN @Epoch: 165  >>>  || LOSS Avg: 0.05416
[Coach] >>> VALID @Epoch: 165  >>>  || RECALL@1 Avg: 0.0111 || RECALL@10 Avg: 0.0495 || RECALL@20 Avg: 0.0754 || NDCG@10 Avg: 0.0273 || NDCG@20 Avg: 0.0338
[Coach] >>> TEST  @Epoch: 165  >>> 
[Wall TIME] >>> ChiefCoach.train takes 0.983237 seconds ...
[Coach] >>> TRAIN @Epoch: 166  >>>  || LOSS Avg: 0.05501
[Coach] >>> VALID @Epoch: 166  >>> 
[Coach] >>> TEST  @Epoch: 166  >>> 
[Wall TIME] >>> ChiefCoach.train takes 0.996414 seconds ...
[Coach] >>> TRAIN @Epoch: 167  >>>  || LOSS Avg: 0.05350
[Coach] >>> VALID @Epoch: 167  >>> 
[Coach] >>> TEST  @Epoch: 167  >>> 
[Wall TIME] >>> ChiefCoach.train takes 0.988100 seconds ...
[Coach] >>> TRAIN @Epoch: 168  >>>  || LOSS Avg: 0.05246
[Coach] >>> VALID @Epoch: 168  >>> 
[Coach] >>> TEST  @Epoch: 168  >>> 
[Wall TIME] >>> ChiefCoach.train takes 0.977492 seconds ...
[Coach] >>> TRAIN @Epoch: 169  >>>  || LOSS Avg: 0.05304
[Coach] >>> VALID @Epoch: 169  >>> 
[Coach] >>> TEST  @Epoch: 169  >>> 
[Wall TIME] >>> ChiefCoach.train takes 1.011625 seconds ...
[Wall TIME] >>> ChiefCoach.valid takes 0.216385 seconds ...
[Coach] >>> Better ***NDCG@20*** of ***0.0348*** 
[Coach] >>> TRAIN @Epoch: 170  >>>  || LOSS Avg: 0.05281
[Coach] >>> VALID @Epoch: 170  >>>  || RECALL@1 Avg: 0.0121 || RECALL@10 Avg: 0.0508 || RECALL@20 Avg: 0.0770 || NDCG@10 Avg: 0.0282 || NDCG@20 Avg: 0.0348
[Coach] >>> TEST  @Epoch: 170  >>> 
[Wall TIME] >>> ChiefCoach.train takes 0.990182 seconds ...
[Coach] >>> TRAIN @Epoch: 171  >>>  || LOSS Avg: 0.05217
[Coach] >>> VALID @Epoch: 171  >>> 
[Coach] >>> TEST  @Epoch: 171  >>> 
[Wall TIME] >>> ChiefCoach.train takes 1.000126 seconds ...
[Coach] >>> TRAIN @Epoch: 172  >>>  || LOSS Avg: 0.05302
[Coach] >>> VALID @Epoch: 172  >>> 
[Coach] >>> TEST  @Epoch: 172  >>> 
[Wall TIME] >>> ChiefCoach.train takes 0.985296 seconds ...
[Coach] >>> TRAIN @Epoch: 173  >>>  || LOSS Avg: 0.05206
[Coach] >>> VALID @Epoch: 173  >>> 
[Coach] >>> TEST  @Epoch: 173  >>> 
[Wall TIME] >>> ChiefCoach.train takes 0.985658 seconds ...
[Coach] >>> TRAIN @Epoch: 174  >>>  || LOSS Avg: 0.05172
[Coach] >>> VALID @Epoch: 174  >>> 
[Coach] >>> TEST  @Epoch: 174  >>> 
[Wall TIME] >>> ChiefCoach.train takes 0.961372 seconds ...
[Wall TIME] >>> ChiefCoach.valid takes 0.220051 seconds ...
[Coach] >>> TRAIN @Epoch: 175  >>>  || LOSS Avg: 0.05142
[Coach] >>> VALID @Epoch: 175  >>>  || RECALL@1 Avg: 0.0118 || RECALL@10 Avg: 0.0511 || RECALL@20 Avg: 0.0760 || NDCG@10 Avg: 0.0281 || NDCG@20 Avg: 0.0344
[Coach] >>> TEST  @Epoch: 175  >>> 
[Wall TIME] >>> ChiefCoach.train takes 0.973157 seconds ...
[Coach] >>> TRAIN @Epoch: 176  >>>  || LOSS Avg: 0.05111
[Coach] >>> VALID @Epoch: 176  >>> 
[Coach] >>> TEST  @Epoch: 176  >>> 
[Wall TIME] >>> ChiefCoach.train takes 1.018813 seconds ...
[Coach] >>> TRAIN @Epoch: 177  >>>  || LOSS Avg: 0.05107
[Coach] >>> VALID @Epoch: 177  >>> 
[Coach] >>> TEST  @Epoch: 177  >>> 
[Wall TIME] >>> ChiefCoach.train takes 0.977476 seconds ...
[Coach] >>> TRAIN @Epoch: 178  >>>  || LOSS Avg: 0.04978
[Coach] >>> VALID @Epoch: 178  >>> 
[Coach] >>> TEST  @Epoch: 178  >>> 
[Wall TIME] >>> ChiefCoach.train takes 0.959363 seconds ...
[Coach] >>> TRAIN @Epoch: 179  >>>  || LOSS Avg: 0.05123
[Coach] >>> VALID @Epoch: 179  >>> 
[Coach] >>> TEST  @Epoch: 179  >>> 
[Wall TIME] >>> ChiefCoach.train takes 0.973074 seconds ...
[Wall TIME] >>> ChiefCoach.valid takes 0.201686 seconds ...
[Coach] >>> TRAIN @Epoch: 180  >>>  || LOSS Avg: 0.04940
[Coach] >>> VALID @Epoch: 180  >>>  || RECALL@1 Avg: 0.0121 || RECALL@10 Avg: 0.0511 || RECALL@20 Avg: 0.0751 || NDCG@10 Avg: 0.0280 || NDCG@20 Avg: 0.0341
[Coach] >>> TEST  @Epoch: 180  >>> 
[Wall TIME] >>> ChiefCoach.train takes 1.008541 seconds ...
[Coach] >>> TRAIN @Epoch: 181  >>>  || LOSS Avg: 0.04951
[Coach] >>> VALID @Epoch: 181  >>> 
[Coach] >>> TEST  @Epoch: 181  >>> 
[Wall TIME] >>> ChiefCoach.train takes 0.963921 seconds ...
[Coach] >>> TRAIN @Epoch: 182  >>>  || LOSS Avg: 0.04970
[Coach] >>> VALID @Epoch: 182  >>> 
[Coach] >>> TEST  @Epoch: 182  >>> 
[Wall TIME] >>> ChiefCoach.train takes 0.976733 seconds ...
[Coach] >>> TRAIN @Epoch: 183  >>>  || LOSS Avg: 0.04838
[Coach] >>> VALID @Epoch: 183  >>> 
[Coach] >>> TEST  @Epoch: 183  >>> 
[Wall TIME] >>> ChiefCoach.train takes 0.973396 seconds ...
[Coach] >>> TRAIN @Epoch: 184  >>>  || LOSS Avg: 0.04863
[Coach] >>> VALID @Epoch: 184  >>> 
[Coach] >>> TEST  @Epoch: 184  >>> 
[Wall TIME] >>> ChiefCoach.train takes 0.954556 seconds ...
[Wall TIME] >>> ChiefCoach.valid takes 0.214065 seconds ...
[Coach] >>> TRAIN @Epoch: 185  >>>  || LOSS Avg: 0.04867
[Coach] >>> VALID @Epoch: 185  >>>  || RECALL@1 Avg: 0.0125 || RECALL@10 Avg: 0.0515 || RECALL@20 Avg: 0.0751 || NDCG@10 Avg: 0.0285 || NDCG@20 Avg: 0.0345
[Coach] >>> TEST  @Epoch: 185  >>> 
[Wall TIME] >>> ChiefCoach.train takes 1.008494 seconds ...
[Coach] >>> TRAIN @Epoch: 186  >>>  || LOSS Avg: 0.04810
[Coach] >>> VALID @Epoch: 186  >>> 
[Coach] >>> TEST  @Epoch: 186  >>> 
[Wall TIME] >>> ChiefCoach.train takes 1.015883 seconds ...
[Coach] >>> TRAIN @Epoch: 187  >>>  || LOSS Avg: 0.04697
[Coach] >>> VALID @Epoch: 187  >>> 
[Coach] >>> TEST  @Epoch: 187  >>> 
[Wall TIME] >>> ChiefCoach.train takes 0.952994 seconds ...
[Coach] >>> TRAIN @Epoch: 188  >>>  || LOSS Avg: 0.04784
[Coach] >>> VALID @Epoch: 188  >>> 
[Coach] >>> TEST  @Epoch: 188  >>> 
[Wall TIME] >>> ChiefCoach.train takes 1.017519 seconds ...
[Coach] >>> TRAIN @Epoch: 189  >>>  || LOSS Avg: 0.04690
[Coach] >>> VALID @Epoch: 189  >>> 
[Coach] >>> TEST  @Epoch: 189  >>> 
[Wall TIME] >>> ChiefCoach.train takes 0.949833 seconds ...
[Wall TIME] >>> ChiefCoach.valid takes 0.220754 seconds ...
[Coach] >>> TRAIN @Epoch: 190  >>>  || LOSS Avg: 0.04733
[Coach] >>> VALID @Epoch: 190  >>>  || RECALL@1 Avg: 0.0128 || RECALL@10 Avg: 0.0528 || RECALL@20 Avg: 0.0744 || NDCG@10 Avg: 0.0292 || NDCG@20 Avg: 0.0347
[Coach] >>> TEST  @Epoch: 190  >>> 
[Wall TIME] >>> ChiefCoach.train takes 0.992418 seconds ...
[Coach] >>> TRAIN @Epoch: 191  >>>  || LOSS Avg: 0.04655
[Coach] >>> VALID @Epoch: 191  >>> 
[Coach] >>> TEST  @Epoch: 191  >>> 
[Wall TIME] >>> ChiefCoach.train takes 0.973567 seconds ...
[Coach] >>> TRAIN @Epoch: 192  >>>  || LOSS Avg: 0.04688
[Coach] >>> VALID @Epoch: 192  >>> 
[Coach] >>> TEST  @Epoch: 192  >>> 
[Wall TIME] >>> ChiefCoach.train takes 1.417812 seconds ...
[Coach] >>> TRAIN @Epoch: 193  >>>  || LOSS Avg: 0.04629
[Coach] >>> VALID @Epoch: 193  >>> 
[Coach] >>> TEST  @Epoch: 193  >>> 
[Wall TIME] >>> ChiefCoach.train takes 1.472541 seconds ...
[Coach] >>> TRAIN @Epoch: 194  >>>  || LOSS Avg: 0.04704
[Coach] >>> VALID @Epoch: 194  >>> 
[Coach] >>> TEST  @Epoch: 194  >>> 
[Wall TIME] >>> ChiefCoach.train takes 0.993273 seconds ...
[Wall TIME] >>> ChiefCoach.valid takes 0.205686 seconds ...
[Coach] >>> TRAIN @Epoch: 195  >>>  || LOSS Avg: 0.04659
[Coach] >>> VALID @Epoch: 195  >>>  || RECALL@1 Avg: 0.0128 || RECALL@10 Avg: 0.0511 || RECALL@20 Avg: 0.0751 || NDCG@10 Avg: 0.0287 || NDCG@20 Avg: 0.0348
[Coach] >>> TEST  @Epoch: 195  >>> 
[Wall TIME] >>> ChiefCoach.train takes 0.978826 seconds ...
[Coach] >>> TRAIN @Epoch: 196  >>>  || LOSS Avg: 0.04502
[Coach] >>> VALID @Epoch: 196  >>> 
[Coach] >>> TEST  @Epoch: 196  >>> 
[Wall TIME] >>> ChiefCoach.train takes 0.979126 seconds ...
[Coach] >>> TRAIN @Epoch: 197  >>>  || LOSS Avg: 0.04542
[Coach] >>> VALID @Epoch: 197  >>> 
[Coach] >>> TEST  @Epoch: 197  >>> 
[Wall TIME] >>> ChiefCoach.train takes 0.983997 seconds ...
[Coach] >>> TRAIN @Epoch: 198  >>>  || LOSS Avg: 0.04402
[Coach] >>> VALID @Epoch: 198  >>> 
[Coach] >>> TEST  @Epoch: 198  >>> 
[Wall TIME] >>> ChiefCoach.train takes 0.972846 seconds ...
[Coach] >>> TRAIN @Epoch: 199  >>>  || LOSS Avg: 0.04466
[Coach] >>> VALID @Epoch: 199  >>> 
[Coach] >>> TEST  @Epoch: 199  >>> 
[Wall TIME] >>> ChiefCoach.train takes 0.976604 seconds ...
[Wall TIME] >>> ChiefCoach.valid takes 0.198751 seconds ...
[Coach] >>> Better ***NDCG@20*** of ***0.0349*** 
[Coach] >>> TRAIN @Epoch: 200  >>>  || LOSS Avg: 0.04405
[Coach] >>> VALID @Epoch: 200  >>>  || RECALL@1 Avg: 0.0134 || RECALL@10 Avg: 0.0508 || RECALL@20 Avg: 0.0747 || NDCG@10 Avg: 0.0288 || NDCG@20 Avg: 0.0349
[Coach] >>> TEST  @Epoch: 200  >>> 
[Wall TIME] >>> ChiefCoach.train takes 0.984740 seconds ...
[Coach] >>> TRAIN @Epoch: 201  >>>  || LOSS Avg: 0.04438
[Coach] >>> VALID @Epoch: 201  >>> 
[Coach] >>> TEST  @Epoch: 201  >>> 
[Wall TIME] >>> ChiefCoach.train takes 0.954205 seconds ...
[Coach] >>> TRAIN @Epoch: 202  >>>  || LOSS Avg: 0.04454
[Coach] >>> VALID @Epoch: 202  >>> 
[Coach] >>> TEST  @Epoch: 202  >>> 
[Wall TIME] >>> ChiefCoach.train takes 1.014143 seconds ...
[Coach] >>> TRAIN @Epoch: 203  >>>  || LOSS Avg: 0.04420
[Coach] >>> VALID @Epoch: 203  >>> 
[Coach] >>> TEST  @Epoch: 203  >>> 
[Wall TIME] >>> ChiefCoach.train takes 0.998832 seconds ...
[Coach] >>> TRAIN @Epoch: 204  >>>  || LOSS Avg: 0.04393
[Coach] >>> VALID @Epoch: 204  >>> 
[Coach] >>> TEST  @Epoch: 204  >>> 
[Wall TIME] >>> ChiefCoach.train takes 0.992942 seconds ...
[Wall TIME] >>> ChiefCoach.valid takes 0.202694 seconds ...
[Coach] >>> Better ***NDCG@20*** of ***0.0349*** 
[Coach] >>> TRAIN @Epoch: 205  >>>  || LOSS Avg: 0.04355
[Coach] >>> VALID @Epoch: 205  >>>  || RECALL@1 Avg: 0.0134 || RECALL@10 Avg: 0.0511 || RECALL@20 Avg: 0.0744 || NDCG@10 Avg: 0.0290 || NDCG@20 Avg: 0.0349
[Coach] >>> TEST  @Epoch: 205  >>> 
[Wall TIME] >>> ChiefCoach.train takes 0.969905 seconds ...
[Coach] >>> TRAIN @Epoch: 206  >>>  || LOSS Avg: 0.04369
[Coach] >>> VALID @Epoch: 206  >>> 
[Coach] >>> TEST  @Epoch: 206  >>> 
[Wall TIME] >>> ChiefCoach.train takes 0.979051 seconds ...
[Coach] >>> TRAIN @Epoch: 207  >>>  || LOSS Avg: 0.04330
[Coach] >>> VALID @Epoch: 207  >>> 
[Coach] >>> TEST  @Epoch: 207  >>> 
[Wall TIME] >>> ChiefCoach.train takes 0.968626 seconds ...
[Coach] >>> TRAIN @Epoch: 208  >>>  || LOSS Avg: 0.04284
[Coach] >>> VALID @Epoch: 208  >>> 
[Coach] >>> TEST  @Epoch: 208  >>> 
[Wall TIME] >>> ChiefCoach.train takes 0.971270 seconds ...
[Coach] >>> TRAIN @Epoch: 209  >>>  || LOSS Avg: 0.04279
[Coach] >>> VALID @Epoch: 209  >>> 
[Coach] >>> TEST  @Epoch: 209  >>> 
[Wall TIME] >>> ChiefCoach.train takes 0.993694 seconds ...
[Wall TIME] >>> ChiefCoach.valid takes 0.199858 seconds ...
[Coach] >>> TRAIN @Epoch: 210  >>>  || LOSS Avg: 0.04306
[Coach] >>> VALID @Epoch: 210  >>>  || RECALL@1 Avg: 0.0134 || RECALL@10 Avg: 0.0521 || RECALL@20 Avg: 0.0734 || NDCG@10 Avg: 0.0294 || NDCG@20 Avg: 0.0348
[Coach] >>> TEST  @Epoch: 210  >>> 
[Wall TIME] >>> ChiefCoach.train takes 0.998064 seconds ...
[Coach] >>> TRAIN @Epoch: 211  >>>  || LOSS Avg: 0.04221
[Coach] >>> VALID @Epoch: 211  >>> 
[Coach] >>> TEST  @Epoch: 211  >>> 
[Wall TIME] >>> ChiefCoach.train takes 0.983427 seconds ...
[Coach] >>> TRAIN @Epoch: 212  >>>  || LOSS Avg: 0.04192
[Coach] >>> VALID @Epoch: 212  >>> 
[Coach] >>> TEST  @Epoch: 212  >>> 
[Wall TIME] >>> ChiefCoach.train takes 0.959085 seconds ...
[Coach] >>> TRAIN @Epoch: 213  >>>  || LOSS Avg: 0.04160
[Coach] >>> VALID @Epoch: 213  >>> 
[Coach] >>> TEST  @Epoch: 213  >>> 
[Wall TIME] >>> ChiefCoach.train takes 1.028962 seconds ...
[Coach] >>> TRAIN @Epoch: 214  >>>  || LOSS Avg: 0.04088
[Coach] >>> VALID @Epoch: 214  >>> 
[Coach] >>> TEST  @Epoch: 214  >>> 
[Wall TIME] >>> ChiefCoach.train takes 1.000880 seconds ...
[Wall TIME] >>> ChiefCoach.valid takes 0.202381 seconds ...
[Coach] >>> Better ***NDCG@20*** of ***0.0353*** 
[Coach] >>> TRAIN @Epoch: 215  >>>  || LOSS Avg: 0.04123
[Coach] >>> VALID @Epoch: 215  >>>  || RECALL@1 Avg: 0.0141 || RECALL@10 Avg: 0.0515 || RECALL@20 Avg: 0.0734 || NDCG@10 Avg: 0.0297 || NDCG@20 Avg: 0.0353
[Coach] >>> TEST  @Epoch: 215  >>> 
[Wall TIME] >>> ChiefCoach.train takes 0.983036 seconds ...
[Coach] >>> TRAIN @Epoch: 216  >>>  || LOSS Avg: 0.04029
[Coach] >>> VALID @Epoch: 216  >>> 
[Coach] >>> TEST  @Epoch: 216  >>> 
[Wall TIME] >>> ChiefCoach.train takes 0.956855 seconds ...
[Coach] >>> TRAIN @Epoch: 217  >>>  || LOSS Avg: 0.04142
[Coach] >>> VALID @Epoch: 217  >>> 
[Coach] >>> TEST  @Epoch: 217  >>> 
[Wall TIME] >>> ChiefCoach.train takes 0.963290 seconds ...
[Coach] >>> TRAIN @Epoch: 218  >>>  || LOSS Avg: 0.04083
[Coach] >>> VALID @Epoch: 218  >>> 
[Coach] >>> TEST  @Epoch: 218  >>> 
[Wall TIME] >>> ChiefCoach.train takes 0.963580 seconds ...
[Coach] >>> TRAIN @Epoch: 219  >>>  || LOSS Avg: 0.04002
[Coach] >>> VALID @Epoch: 219  >>> 
[Coach] >>> TEST  @Epoch: 219  >>> 
[Wall TIME] >>> ChiefCoach.train takes 1.008012 seconds ...
[Wall TIME] >>> ChiefCoach.valid takes 0.207764 seconds ...
[Coach] >>> Better ***NDCG@20*** of ***0.0356*** 
[Coach] >>> TRAIN @Epoch: 220  >>>  || LOSS Avg: 0.04043
[Coach] >>> VALID @Epoch: 220  >>>  || RECALL@1 Avg: 0.0141 || RECALL@10 Avg: 0.0524 || RECALL@20 Avg: 0.0744 || NDCG@10 Avg: 0.0301 || NDCG@20 Avg: 0.0356
[Coach] >>> TEST  @Epoch: 220  >>> 
[Wall TIME] >>> ChiefCoach.train takes 0.996373 seconds ...
[Coach] >>> TRAIN @Epoch: 221  >>>  || LOSS Avg: 0.03989
[Coach] >>> VALID @Epoch: 221  >>> 
[Coach] >>> TEST  @Epoch: 221  >>> 
[Wall TIME] >>> ChiefCoach.train takes 0.984846 seconds ...
[Coach] >>> TRAIN @Epoch: 222  >>>  || LOSS Avg: 0.03971
[Coach] >>> VALID @Epoch: 222  >>> 
[Coach] >>> TEST  @Epoch: 222  >>> 
[Wall TIME] >>> ChiefCoach.train takes 0.990700 seconds ...
[Coach] >>> TRAIN @Epoch: 223  >>>  || LOSS Avg: 0.03992
[Coach] >>> VALID @Epoch: 223  >>> 
[Coach] >>> TEST  @Epoch: 223  >>> 
[Wall TIME] >>> ChiefCoach.train takes 1.431642 seconds ...
[Coach] >>> TRAIN @Epoch: 224  >>>  || LOSS Avg: 0.04009
[Coach] >>> VALID @Epoch: 224  >>> 
[Coach] >>> TEST  @Epoch: 224  >>> 
[Wall TIME] >>> ChiefCoach.train takes 1.501468 seconds ...
[Wall TIME] >>> ChiefCoach.valid takes 0.208827 seconds ...
[Coach] >>> TRAIN @Epoch: 225  >>>  || LOSS Avg: 0.03913
[Coach] >>> VALID @Epoch: 225  >>>  || RECALL@1 Avg: 0.0125 || RECALL@10 Avg: 0.0521 || RECALL@20 Avg: 0.0744 || NDCG@10 Avg: 0.0295 || NDCG@20 Avg: 0.0350
[Coach] >>> TEST  @Epoch: 225  >>> 
[Wall TIME] >>> ChiefCoach.train takes 0.993760 seconds ...
[Coach] >>> TRAIN @Epoch: 226  >>>  || LOSS Avg: 0.03932
[Coach] >>> VALID @Epoch: 226  >>> 
[Coach] >>> TEST  @Epoch: 226  >>> 
[Wall TIME] >>> ChiefCoach.train takes 0.959918 seconds ...
[Coach] >>> TRAIN @Epoch: 227  >>>  || LOSS Avg: 0.03972
[Coach] >>> VALID @Epoch: 227  >>> 
[Coach] >>> TEST  @Epoch: 227  >>> 
[Wall TIME] >>> ChiefCoach.train takes 0.985742 seconds ...
[Coach] >>> TRAIN @Epoch: 228  >>>  || LOSS Avg: 0.03910
[Coach] >>> VALID @Epoch: 228  >>> 
[Coach] >>> TEST  @Epoch: 228  >>> 
[Wall TIME] >>> ChiefCoach.train takes 0.976897 seconds ...
[Coach] >>> TRAIN @Epoch: 229  >>>  || LOSS Avg: 0.03892
[Coach] >>> VALID @Epoch: 229  >>> 
[Coach] >>> TEST  @Epoch: 229  >>> 
[Wall TIME] >>> ChiefCoach.train takes 0.977840 seconds ...
[Wall TIME] >>> ChiefCoach.valid takes 0.205092 seconds ...
[Coach] >>> TRAIN @Epoch: 230  >>>  || LOSS Avg: 0.03840
[Coach] >>> VALID @Epoch: 230  >>>  || RECALL@1 Avg: 0.0131 || RECALL@10 Avg: 0.0518 || RECALL@20 Avg: 0.0718 || NDCG@10 Avg: 0.0294 || NDCG@20 Avg: 0.0344
[Coach] >>> TEST  @Epoch: 230  >>> 
[Wall TIME] >>> ChiefCoach.train takes 1.001991 seconds ...
[Coach] >>> TRAIN @Epoch: 231  >>>  || LOSS Avg: 0.03812
[Coach] >>> VALID @Epoch: 231  >>> 
[Coach] >>> TEST  @Epoch: 231  >>> 
[Wall TIME] >>> ChiefCoach.train takes 1.041990 seconds ...
[Coach] >>> TRAIN @Epoch: 232  >>>  || LOSS Avg: 0.03853
[Coach] >>> VALID @Epoch: 232  >>> 
[Coach] >>> TEST  @Epoch: 232  >>> 
[Wall TIME] >>> ChiefCoach.train takes 0.970657 seconds ...
[Coach] >>> TRAIN @Epoch: 233  >>>  || LOSS Avg: 0.03824
[Coach] >>> VALID @Epoch: 233  >>> 
[Coach] >>> TEST  @Epoch: 233  >>> 
[Wall TIME] >>> ChiefCoach.train takes 0.963617 seconds ...
[Coach] >>> TRAIN @Epoch: 234  >>>  || LOSS Avg: 0.03844
[Coach] >>> VALID @Epoch: 234  >>> 
[Coach] >>> TEST  @Epoch: 234  >>> 
[Wall TIME] >>> ChiefCoach.train takes 0.998321 seconds ...
[Wall TIME] >>> ChiefCoach.valid takes 0.208298 seconds ...
[Coach] >>> TRAIN @Epoch: 235  >>>  || LOSS Avg: 0.03870
[Coach] >>> VALID @Epoch: 235  >>>  || RECALL@1 Avg: 0.0138 || RECALL@10 Avg: 0.0518 || RECALL@20 Avg: 0.0734 || NDCG@10 Avg: 0.0297 || NDCG@20 Avg: 0.0351
[Coach] >>> TEST  @Epoch: 235  >>> 
[Wall TIME] >>> ChiefCoach.train takes 0.975468 seconds ...
[Coach] >>> TRAIN @Epoch: 236  >>>  || LOSS Avg: 0.03711
[Coach] >>> VALID @Epoch: 236  >>> 
[Coach] >>> TEST  @Epoch: 236  >>> 
[Wall TIME] >>> ChiefCoach.train takes 0.990256 seconds ...
[Coach] >>> TRAIN @Epoch: 237  >>>  || LOSS Avg: 0.03741
[Coach] >>> VALID @Epoch: 237  >>> 
[Coach] >>> TEST  @Epoch: 237  >>> 
[Wall TIME] >>> ChiefCoach.train takes 0.946071 seconds ...
[Coach] >>> TRAIN @Epoch: 238  >>>  || LOSS Avg: 0.03753
[Coach] >>> VALID @Epoch: 238  >>> 
[Coach] >>> TEST  @Epoch: 238  >>> 
[Wall TIME] >>> ChiefCoach.train takes 0.978264 seconds ...
[Coach] >>> TRAIN @Epoch: 239  >>>  || LOSS Avg: 0.03710
[Coach] >>> VALID @Epoch: 239  >>> 
[Coach] >>> TEST  @Epoch: 239  >>> 
[Wall TIME] >>> ChiefCoach.train takes 0.975795 seconds ...
[Wall TIME] >>> ChiefCoach.valid takes 0.209597 seconds ...
[Coach] >>> TRAIN @Epoch: 240  >>>  || LOSS Avg: 0.03641
[Coach] >>> VALID @Epoch: 240  >>>  || RECALL@1 Avg: 0.0138 || RECALL@10 Avg: 0.0511 || RECALL@20 Avg: 0.0718 || NDCG@10 Avg: 0.0295 || NDCG@20 Avg: 0.0348
[Coach] >>> TEST  @Epoch: 240  >>> 
[Wall TIME] >>> ChiefCoach.train takes 0.983238 seconds ...
[Coach] >>> TRAIN @Epoch: 241  >>>  || LOSS Avg: 0.03693
[Coach] >>> VALID @Epoch: 241  >>> 
[Coach] >>> TEST  @Epoch: 241  >>> 
[Wall TIME] >>> ChiefCoach.train takes 0.951281 seconds ...
[Coach] >>> TRAIN @Epoch: 242  >>>  || LOSS Avg: 0.03600
[Coach] >>> VALID @Epoch: 242  >>> 
[Coach] >>> TEST  @Epoch: 242  >>> 
[Wall TIME] >>> ChiefCoach.train takes 0.950886 seconds ...
[Coach] >>> TRAIN @Epoch: 243  >>>  || LOSS Avg: 0.03709
[Coach] >>> VALID @Epoch: 243  >>> 
[Coach] >>> TEST  @Epoch: 243  >>> 
[Wall TIME] >>> ChiefCoach.train takes 0.937534 seconds ...
[Coach] >>> TRAIN @Epoch: 244  >>>  || LOSS Avg: 0.03553
[Coach] >>> VALID @Epoch: 244  >>> 
[Coach] >>> TEST  @Epoch: 244  >>> 
[Wall TIME] >>> ChiefCoach.train takes 1.012237 seconds ...
[Wall TIME] >>> ChiefCoach.valid takes 0.201731 seconds ...
[Coach] >>> TRAIN @Epoch: 245  >>>  || LOSS Avg: 0.03634
[Coach] >>> VALID @Epoch: 245  >>>  || RECALL@1 Avg: 0.0138 || RECALL@10 Avg: 0.0498 || RECALL@20 Avg: 0.0728 || NDCG@10 Avg: 0.0292 || NDCG@20 Avg: 0.0350
[Coach] >>> TEST  @Epoch: 245  >>> 
[Wall TIME] >>> ChiefCoach.train takes 0.947669 seconds ...
[Coach] >>> TRAIN @Epoch: 246  >>>  || LOSS Avg: 0.03634
[Coach] >>> VALID @Epoch: 246  >>> 
[Coach] >>> TEST  @Epoch: 246  >>> 
[Wall TIME] >>> ChiefCoach.train takes 0.967211 seconds ...
[Coach] >>> TRAIN @Epoch: 247  >>>  || LOSS Avg: 0.03610
[Coach] >>> VALID @Epoch: 247  >>> 
[Coach] >>> TEST  @Epoch: 247  >>> 
[Wall TIME] >>> ChiefCoach.train takes 0.948046 seconds ...
[Coach] >>> TRAIN @Epoch: 248  >>>  || LOSS Avg: 0.03526
[Coach] >>> VALID @Epoch: 248  >>> 
[Coach] >>> TEST  @Epoch: 248  >>> 
[Wall TIME] >>> ChiefCoach.train takes 1.025187 seconds ...
[Coach] >>> TRAIN @Epoch: 249  >>>  || LOSS Avg: 0.03568
[Coach] >>> VALID @Epoch: 249  >>> 
[Coach] >>> TEST  @Epoch: 249  >>> 
[Wall TIME] >>> ChiefCoach.train takes 0.982084 seconds ...
[Wall TIME] >>> ChiefCoach.valid takes 0.200998 seconds ...
[Coach] >>> TRAIN @Epoch: 250  >>>  || LOSS Avg: 0.03565
[Coach] >>> VALID @Epoch: 250  >>>  || RECALL@1 Avg: 0.0131 || RECALL@10 Avg: 0.0511 || RECALL@20 Avg: 0.0731 || NDCG@10 Avg: 0.0293 || NDCG@20 Avg: 0.0349
[Coach] >>> TEST  @Epoch: 250  >>> 
[Wall TIME] >>> ChiefCoach.train takes 1.011498 seconds ...
[Coach] >>> TRAIN @Epoch: 251  >>>  || LOSS Avg: 0.03527
[Coach] >>> VALID @Epoch: 251  >>> 
[Coach] >>> TEST  @Epoch: 251  >>> 
[Wall TIME] >>> ChiefCoach.train takes 0.962228 seconds ...
[Coach] >>> TRAIN @Epoch: 252  >>>  || LOSS Avg: 0.03471
[Coach] >>> VALID @Epoch: 252  >>> 
[Coach] >>> TEST  @Epoch: 252  >>> 
[Wall TIME] >>> ChiefCoach.train takes 0.944740 seconds ...
[Coach] >>> TRAIN @Epoch: 253  >>>  || LOSS Avg: 0.03513
[Coach] >>> VALID @Epoch: 253  >>> 
[Coach] >>> TEST  @Epoch: 253  >>> 
[Wall TIME] >>> ChiefCoach.train takes 0.963520 seconds ...
[Coach] >>> TRAIN @Epoch: 254  >>>  || LOSS Avg: 0.03472
[Coach] >>> VALID @Epoch: 254  >>> 
[Coach] >>> TEST  @Epoch: 254  >>> 
[Wall TIME] >>> ChiefCoach.train takes 0.983290 seconds ...
[Wall TIME] >>> ChiefCoach.valid takes 0.199080 seconds ...
[Coach] >>> TRAIN @Epoch: 255  >>>  || LOSS Avg: 0.03474
[Coach] >>> VALID @Epoch: 255  >>>  || RECALL@1 Avg: 0.0118 || RECALL@10 Avg: 0.0524 || RECALL@20 Avg: 0.0728 || NDCG@10 Avg: 0.0293 || NDCG@20 Avg: 0.0344
[Coach] >>> TEST  @Epoch: 255  >>> 
[Wall TIME] >>> ChiefCoach.train takes 1.063412 seconds ...
[Coach] >>> TRAIN @Epoch: 256  >>>  || LOSS Avg: 0.03465
[Coach] >>> VALID @Epoch: 256  >>> 
[Coach] >>> TEST  @Epoch: 256  >>> 
[Wall TIME] >>> ChiefCoach.train takes 0.971155 seconds ...
[Coach] >>> TRAIN @Epoch: 257  >>>  || LOSS Avg: 0.03441
[Coach] >>> VALID @Epoch: 257  >>> 
[Coach] >>> TEST  @Epoch: 257  >>> 
[Wall TIME] >>> ChiefCoach.train takes 0.961016 seconds ...
[Coach] >>> TRAIN @Epoch: 258  >>>  || LOSS Avg: 0.03420
[Coach] >>> VALID @Epoch: 258  >>> 
[Coach] >>> TEST  @Epoch: 258  >>> 
[Wall TIME] >>> ChiefCoach.train takes 0.996257 seconds ...
[Coach] >>> TRAIN @Epoch: 259  >>>  || LOSS Avg: 0.03429
[Coach] >>> VALID @Epoch: 259  >>> 
[Coach] >>> TEST  @Epoch: 259  >>> 
[Wall TIME] >>> ChiefCoach.train takes 1.920520 seconds ...
[Wall TIME] >>> ChiefCoach.valid takes 0.204971 seconds ...
[Coach] >>> TRAIN @Epoch: 260  >>>  || LOSS Avg: 0.03383
[Coach] >>> VALID @Epoch: 260  >>>  || RECALL@1 Avg: 0.0125 || RECALL@10 Avg: 0.0534 || RECALL@20 Avg: 0.0728 || NDCG@10 Avg: 0.0298 || NDCG@20 Avg: 0.0346
[Coach] >>> TEST  @Epoch: 260  >>> 
[Wall TIME] >>> ChiefCoach.train takes 0.968114 seconds ...
[Coach] >>> TRAIN @Epoch: 261  >>>  || LOSS Avg: 0.03462
[Coach] >>> VALID @Epoch: 261  >>> 
[Coach] >>> TEST  @Epoch: 261  >>> 
[Wall TIME] >>> ChiefCoach.train takes 0.964099 seconds ...
[Coach] >>> TRAIN @Epoch: 262  >>>  || LOSS Avg: 0.03393
[Coach] >>> VALID @Epoch: 262  >>> 
[Coach] >>> TEST  @Epoch: 262  >>> 
[Wall TIME] >>> ChiefCoach.train takes 0.962684 seconds ...
[Coach] >>> TRAIN @Epoch: 263  >>>  || LOSS Avg: 0.03407
[Coach] >>> VALID @Epoch: 263  >>> 
[Coach] >>> TEST  @Epoch: 263  >>> 
[Wall TIME] >>> ChiefCoach.train takes 0.967111 seconds ...
[Coach] >>> TRAIN @Epoch: 264  >>>  || LOSS Avg: 0.03321
[Coach] >>> VALID @Epoch: 264  >>> 
[Coach] >>> TEST  @Epoch: 264  >>> 
[Wall TIME] >>> ChiefCoach.train takes 0.993784 seconds ...
[Wall TIME] >>> ChiefCoach.valid takes 0.207572 seconds ...
[Coach] >>> TRAIN @Epoch: 265  >>>  || LOSS Avg: 0.03326
[Coach] >>> VALID @Epoch: 265  >>>  || RECALL@1 Avg: 0.0131 || RECALL@10 Avg: 0.0515 || RECALL@20 Avg: 0.0728 || NDCG@10 Avg: 0.0294 || NDCG@20 Avg: 0.0348
[Coach] >>> TEST  @Epoch: 265  >>> 
[Wall TIME] >>> ChiefCoach.train takes 0.974617 seconds ...
[Coach] >>> TRAIN @Epoch: 266  >>>  || LOSS Avg: 0.03347
[Coach] >>> VALID @Epoch: 266  >>> 
[Coach] >>> TEST  @Epoch: 266  >>> 
[Wall TIME] >>> ChiefCoach.train takes 1.000001 seconds ...
[Coach] >>> TRAIN @Epoch: 267  >>>  || LOSS Avg: 0.03331
[Coach] >>> VALID @Epoch: 267  >>> 
[Coach] >>> TEST  @Epoch: 267  >>> 
[Wall TIME] >>> ChiefCoach.train takes 0.961228 seconds ...
[Coach] >>> TRAIN @Epoch: 268  >>>  || LOSS Avg: 0.03283
[Coach] >>> VALID @Epoch: 268  >>> 
[Coach] >>> TEST  @Epoch: 268  >>> 
[Wall TIME] >>> ChiefCoach.train takes 0.983561 seconds ...
[Coach] >>> TRAIN @Epoch: 269  >>>  || LOSS Avg: 0.03252
[Coach] >>> VALID @Epoch: 269  >>> 
[Coach] >>> TEST  @Epoch: 269  >>> 
[Wall TIME] >>> ChiefCoach.train takes 0.973825 seconds ...
[Wall TIME] >>> ChiefCoach.valid takes 0.199264 seconds ...
[Coach] >>> TRAIN @Epoch: 270  >>>  || LOSS Avg: 0.03311
[Coach] >>> VALID @Epoch: 270  >>>  || RECALL@1 Avg: 0.0125 || RECALL@10 Avg: 0.0505 || RECALL@20 Avg: 0.0741 || NDCG@10 Avg: 0.0290 || NDCG@20 Avg: 0.0349
[Coach] >>> TEST  @Epoch: 270  >>> 
[Wall TIME] >>> ChiefCoach.train takes 0.972080 seconds ...
[Coach] >>> TRAIN @Epoch: 271  >>>  || LOSS Avg: 0.03267
[Coach] >>> VALID @Epoch: 271  >>> 
[Coach] >>> TEST  @Epoch: 271  >>> 
[Wall TIME] >>> ChiefCoach.train takes 0.965244 seconds ...
[Coach] >>> TRAIN @Epoch: 272  >>>  || LOSS Avg: 0.03300
[Coach] >>> VALID @Epoch: 272  >>> 
[Coach] >>> TEST  @Epoch: 272  >>> 
[Wall TIME] >>> ChiefCoach.train takes 0.964185 seconds ...
[Coach] >>> TRAIN @Epoch: 273  >>>  || LOSS Avg: 0.03256
[Coach] >>> VALID @Epoch: 273  >>> 
[Coach] >>> TEST  @Epoch: 273  >>> 
[Wall TIME] >>> ChiefCoach.train takes 0.994166 seconds ...
[Coach] >>> TRAIN @Epoch: 274  >>>  || LOSS Avg: 0.03226
[Coach] >>> VALID @Epoch: 274  >>> 
[Coach] >>> TEST  @Epoch: 274  >>> 
[Wall TIME] >>> ChiefCoach.train takes 0.962983 seconds ...
[Wall TIME] >>> ChiefCoach.valid takes 0.204890 seconds ...
[Coach] >>> TRAIN @Epoch: 275  >>>  || LOSS Avg: 0.03230
[Coach] >>> VALID @Epoch: 275  >>>  || RECALL@1 Avg: 0.0121 || RECALL@10 Avg: 0.0521 || RECALL@20 Avg: 0.0731 || NDCG@10 Avg: 0.0295 || NDCG@20 Avg: 0.0347
[Coach] >>> TEST  @Epoch: 275  >>> 
[Wall TIME] >>> ChiefCoach.train takes 0.948237 seconds ...
[Coach] >>> TRAIN @Epoch: 276  >>>  || LOSS Avg: 0.03190
[Coach] >>> VALID @Epoch: 276  >>> 
[Coach] >>> TEST  @Epoch: 276  >>> 
[Wall TIME] >>> ChiefCoach.train takes 1.001752 seconds ...
[Coach] >>> TRAIN @Epoch: 277  >>>  || LOSS Avg: 0.03172
[Coach] >>> VALID @Epoch: 277  >>> 
[Coach] >>> TEST  @Epoch: 277  >>> 
[Wall TIME] >>> ChiefCoach.train takes 0.971701 seconds ...
[Coach] >>> TRAIN @Epoch: 278  >>>  || LOSS Avg: 0.03198
[Coach] >>> VALID @Epoch: 278  >>> 
[Coach] >>> TEST  @Epoch: 278  >>> 
[Wall TIME] >>> ChiefCoach.train takes 1.031133 seconds ...
[Coach] >>> TRAIN @Epoch: 279  >>>  || LOSS Avg: 0.03219
[Coach] >>> VALID @Epoch: 279  >>> 
[Coach] >>> TEST  @Epoch: 279  >>> 
[Wall TIME] >>> ChiefCoach.train takes 0.942808 seconds ...
[Wall TIME] >>> ChiefCoach.valid takes 0.209916 seconds ...
[Coach] >>> TRAIN @Epoch: 280  >>>  || LOSS Avg: 0.03146
[Coach] >>> VALID @Epoch: 280  >>>  || RECALL@1 Avg: 0.0118 || RECALL@10 Avg: 0.0511 || RECALL@20 Avg: 0.0718 || NDCG@10 Avg: 0.0289 || NDCG@20 Avg: 0.0341
[Coach] >>> TEST  @Epoch: 280  >>> 
[Wall TIME] >>> ChiefCoach.train takes 0.989184 seconds ...
[Coach] >>> TRAIN @Epoch: 281  >>>  || LOSS Avg: 0.03181
[Coach] >>> VALID @Epoch: 281  >>> 
[Coach] >>> TEST  @Epoch: 281  >>> 
[Wall TIME] >>> ChiefCoach.train takes 0.972637 seconds ...
[Coach] >>> TRAIN @Epoch: 282  >>>  || LOSS Avg: 0.03077
[Coach] >>> VALID @Epoch: 282  >>> 
[Coach] >>> TEST  @Epoch: 282  >>> 
[Wall TIME] >>> ChiefCoach.train takes 0.977022 seconds ...
[Coach] >>> TRAIN @Epoch: 283  >>>  || LOSS Avg: 0.03179
[Coach] >>> VALID @Epoch: 283  >>> 
[Coach] >>> TEST  @Epoch: 283  >>> 
[Wall TIME] >>> ChiefCoach.train takes 0.965177 seconds ...
[Coach] >>> TRAIN @Epoch: 284  >>>  || LOSS Avg: 0.03050
[Coach] >>> VALID @Epoch: 284  >>> 
[Coach] >>> TEST  @Epoch: 284  >>> 
[Wall TIME] >>> ChiefCoach.train takes 0.990660 seconds ...
[Wall TIME] >>> ChiefCoach.valid takes 0.200657 seconds ...
[Coach] >>> TRAIN @Epoch: 285  >>>  || LOSS Avg: 0.03053
[Coach] >>> VALID @Epoch: 285  >>>  || RECALL@1 Avg: 0.0125 || RECALL@10 Avg: 0.0501 || RECALL@20 Avg: 0.0731 || NDCG@10 Avg: 0.0288 || NDCG@20 Avg: 0.0346
[Coach] >>> TEST  @Epoch: 285  >>> 
[Wall TIME] >>> ChiefCoach.train takes 0.957391 seconds ...
[Coach] >>> TRAIN @Epoch: 286  >>>  || LOSS Avg: 0.03122
[Coach] >>> VALID @Epoch: 286  >>> 
[Coach] >>> TEST  @Epoch: 286  >>> 
[Wall TIME] >>> ChiefCoach.train takes 0.973481 seconds ...
[Coach] >>> TRAIN @Epoch: 287  >>>  || LOSS Avg: 0.03116
[Coach] >>> VALID @Epoch: 287  >>> 
[Coach] >>> TEST  @Epoch: 287  >>> 
[Wall TIME] >>> ChiefCoach.train takes 0.980156 seconds ...
[Coach] >>> TRAIN @Epoch: 288  >>>  || LOSS Avg: 0.03113
[Coach] >>> VALID @Epoch: 288  >>> 
[Coach] >>> TEST  @Epoch: 288  >>> 
[Wall TIME] >>> ChiefCoach.train takes 1.567146 seconds ...
[Coach] >>> TRAIN @Epoch: 289  >>>  || LOSS Avg: 0.03056
[Coach] >>> VALID @Epoch: 289  >>> 
[Coach] >>> TEST  @Epoch: 289  >>> 
[Wall TIME] >>> ChiefCoach.train takes 0.957830 seconds ...
[Wall TIME] >>> ChiefCoach.valid takes 0.203006 seconds ...
[Coach] >>> TRAIN @Epoch: 290  >>>  || LOSS Avg: 0.03031
[Coach] >>> VALID @Epoch: 290  >>>  || RECALL@1 Avg: 0.0118 || RECALL@10 Avg: 0.0505 || RECALL@20 Avg: 0.0728 || NDCG@10 Avg: 0.0287 || NDCG@20 Avg: 0.0343
[Coach] >>> TEST  @Epoch: 290  >>> 
[Wall TIME] >>> ChiefCoach.train takes 0.955234 seconds ...
[Coach] >>> TRAIN @Epoch: 291  >>>  || LOSS Avg: 0.02999
[Coach] >>> VALID @Epoch: 291  >>> 
[Coach] >>> TEST  @Epoch: 291  >>> 
[Wall TIME] >>> ChiefCoach.train takes 0.987317 seconds ...
[Coach] >>> TRAIN @Epoch: 292  >>>  || LOSS Avg: 0.03072
[Coach] >>> VALID @Epoch: 292  >>> 
[Coach] >>> TEST  @Epoch: 292  >>> 
[Wall TIME] >>> ChiefCoach.train takes 0.989931 seconds ...
[Coach] >>> TRAIN @Epoch: 293  >>>  || LOSS Avg: 0.03030
[Coach] >>> VALID @Epoch: 293  >>> 
[Coach] >>> TEST  @Epoch: 293  >>> 
[Wall TIME] >>> ChiefCoach.train takes 0.988064 seconds ...
[Coach] >>> TRAIN @Epoch: 294  >>>  || LOSS Avg: 0.02993
[Coach] >>> VALID @Epoch: 294  >>> 
[Coach] >>> TEST  @Epoch: 294  >>> 
[Wall TIME] >>> ChiefCoach.train takes 0.960370 seconds ...
[Wall TIME] >>> ChiefCoach.valid takes 0.209132 seconds ...
[Coach] >>> TRAIN @Epoch: 295  >>>  || LOSS Avg: 0.03004
[Coach] >>> VALID @Epoch: 295  >>>  || RECALL@1 Avg: 0.0125 || RECALL@10 Avg: 0.0495 || RECALL@20 Avg: 0.0741 || NDCG@10 Avg: 0.0287 || NDCG@20 Avg: 0.0349
[Coach] >>> TEST  @Epoch: 295  >>> 
[Wall TIME] >>> ChiefCoach.train takes 0.964714 seconds ...
[Coach] >>> TRAIN @Epoch: 296  >>>  || LOSS Avg: 0.02983
[Coach] >>> VALID @Epoch: 296  >>> 
[Coach] >>> TEST  @Epoch: 296  >>> 
[Wall TIME] >>> ChiefCoach.train takes 0.990151 seconds ...
[Coach] >>> TRAIN @Epoch: 297  >>>  || LOSS Avg: 0.03015
[Coach] >>> VALID @Epoch: 297  >>> 
[Coach] >>> TEST  @Epoch: 297  >>> 
[Wall TIME] >>> ChiefCoach.train takes 1.019769 seconds ...
[Coach] >>> TRAIN @Epoch: 298  >>>  || LOSS Avg: 0.03019
[Coach] >>> VALID @Epoch: 298  >>> 
[Coach] >>> TEST  @Epoch: 298  >>> 
[Wall TIME] >>> ChiefCoach.train takes 0.988297 seconds ...
[Coach] >>> TRAIN @Epoch: 299  >>>  || LOSS Avg: 0.03014
[Coach] >>> VALID @Epoch: 299  >>> 
[Coach] >>> TEST  @Epoch: 299  >>> 
[Wall TIME] >>> ChiefCoach.train takes 0.967749 seconds ...
[Wall TIME] >>> ChiefCoach.valid takes 0.201844 seconds ...
[Coach] >>> TRAIN @Epoch: 300  >>>  || LOSS Avg: 0.02934
[Coach] >>> VALID @Epoch: 300  >>>  || RECALL@1 Avg: 0.0125 || RECALL@10 Avg: 0.0501 || RECALL@20 Avg: 0.0734 || NDCG@10 Avg: 0.0288 || NDCG@20 Avg: 0.0347
[Coach] >>> TEST  @Epoch: 300  >>> 
[Wall TIME] >>> ChiefCoach.train takes 0.998162 seconds ...
[Coach] >>> TRAIN @Epoch: 301  >>>  || LOSS Avg: 0.02942
[Coach] >>> VALID @Epoch: 301  >>> 
[Coach] >>> TEST  @Epoch: 301  >>> 
[Wall TIME] >>> ChiefCoach.train takes 0.971617 seconds ...
[Coach] >>> TRAIN @Epoch: 302  >>>  || LOSS Avg: 0.02914
[Coach] >>> VALID @Epoch: 302  >>> 
[Coach] >>> TEST  @Epoch: 302  >>> 
[Wall TIME] >>> ChiefCoach.train takes 0.961421 seconds ...
[Coach] >>> TRAIN @Epoch: 303  >>>  || LOSS Avg: 0.02905
[Coach] >>> VALID @Epoch: 303  >>> 
[Coach] >>> TEST  @Epoch: 303  >>> 
[Wall TIME] >>> ChiefCoach.train takes 0.970508 seconds ...
[Coach] >>> TRAIN @Epoch: 304  >>>  || LOSS Avg: 0.02861
[Coach] >>> VALID @Epoch: 304  >>> 
[Coach] >>> TEST  @Epoch: 304  >>> 
[Wall TIME] >>> ChiefCoach.train takes 0.992640 seconds ...
[Wall TIME] >>> ChiefCoach.valid takes 0.213207 seconds ...
[Coach] >>> TRAIN @Epoch: 305  >>>  || LOSS Avg: 0.02942
[Coach] >>> VALID @Epoch: 305  >>>  || RECALL@1 Avg: 0.0121 || RECALL@10 Avg: 0.0524 || RECALL@20 Avg: 0.0757 || NDCG@10 Avg: 0.0294 || NDCG@20 Avg: 0.0352
[Coach] >>> TEST  @Epoch: 305  >>> 
[Wall TIME] >>> ChiefCoach.train takes 0.988909 seconds ...
[Coach] >>> TRAIN @Epoch: 306  >>>  || LOSS Avg: 0.02902
[Coach] >>> VALID @Epoch: 306  >>> 
[Coach] >>> TEST  @Epoch: 306  >>> 
[Wall TIME] >>> ChiefCoach.train takes 0.993493 seconds ...
[Coach] >>> TRAIN @Epoch: 307  >>>  || LOSS Avg: 0.02881
[Coach] >>> VALID @Epoch: 307  >>> 
[Coach] >>> TEST  @Epoch: 307  >>> 
[Wall TIME] >>> ChiefCoach.train takes 0.995368 seconds ...
[Coach] >>> TRAIN @Epoch: 308  >>>  || LOSS Avg: 0.02854
[Coach] >>> VALID @Epoch: 308  >>> 
[Coach] >>> TEST  @Epoch: 308  >>> 
[Wall TIME] >>> ChiefCoach.train takes 1.030568 seconds ...
[Coach] >>> TRAIN @Epoch: 309  >>>  || LOSS Avg: 0.02925
[Coach] >>> VALID @Epoch: 309  >>> 
[Coach] >>> TEST  @Epoch: 309  >>> 
[Wall TIME] >>> ChiefCoach.train takes 0.974584 seconds ...
[Wall TIME] >>> ChiefCoach.valid takes 0.203102 seconds ...
[Coach] >>> TRAIN @Epoch: 310  >>>  || LOSS Avg: 0.02865
[Coach] >>> VALID @Epoch: 310  >>>  || RECALL@1 Avg: 0.0118 || RECALL@10 Avg: 0.0518 || RECALL@20 Avg: 0.0744 || NDCG@10 Avg: 0.0290 || NDCG@20 Avg: 0.0347
[Coach] >>> TEST  @Epoch: 310  >>> 
[Wall TIME] >>> ChiefCoach.train takes 0.963428 seconds ...
[Coach] >>> TRAIN @Epoch: 311  >>>  || LOSS Avg: 0.02867
[Coach] >>> VALID @Epoch: 311  >>> 
[Coach] >>> TEST  @Epoch: 311  >>> 
[Wall TIME] >>> ChiefCoach.train takes 0.977172 seconds ...
[Coach] >>> TRAIN @Epoch: 312  >>>  || LOSS Avg: 0.02829
[Coach] >>> VALID @Epoch: 312  >>> 
[Coach] >>> TEST  @Epoch: 312  >>> 
[Wall TIME] >>> ChiefCoach.train takes 0.953183 seconds ...
[Coach] >>> TRAIN @Epoch: 313  >>>  || LOSS Avg: 0.02854
[Coach] >>> VALID @Epoch: 313  >>> 
[Coach] >>> TEST  @Epoch: 313  >>> 
[Wall TIME] >>> ChiefCoach.train takes 0.979222 seconds ...
[Coach] >>> TRAIN @Epoch: 314  >>>  || LOSS Avg: 0.02811
[Coach] >>> VALID @Epoch: 314  >>> 
[Coach] >>> TEST  @Epoch: 314  >>> 
[Wall TIME] >>> ChiefCoach.train takes 0.972507 seconds ...
[Wall TIME] >>> ChiefCoach.valid takes 0.210845 seconds ...
[Coach] >>> TRAIN @Epoch: 315  >>>  || LOSS Avg: 0.02881
[Coach] >>> VALID @Epoch: 315  >>>  || RECALL@1 Avg: 0.0128 || RECALL@10 Avg: 0.0521 || RECALL@20 Avg: 0.0724 || NDCG@10 Avg: 0.0294 || NDCG@20 Avg: 0.0345
[Coach] >>> TEST  @Epoch: 315  >>> 
[Wall TIME] >>> ChiefCoach.train takes 0.984515 seconds ...
[Coach] >>> TRAIN @Epoch: 316  >>>  || LOSS Avg: 0.02875
[Coach] >>> VALID @Epoch: 316  >>> 
[Coach] >>> TEST  @Epoch: 316  >>> 
[Wall TIME] >>> ChiefCoach.train takes 0.982226 seconds ...
[Coach] >>> TRAIN @Epoch: 317  >>>  || LOSS Avg: 0.02823
[Coach] >>> VALID @Epoch: 317  >>> 
[Coach] >>> TEST  @Epoch: 317  >>> 
[Wall TIME] >>> ChiefCoach.train takes 0.979108 seconds ...
[Coach] >>> TRAIN @Epoch: 318  >>>  || LOSS Avg: 0.02799
[Coach] >>> VALID @Epoch: 318  >>> 
[Coach] >>> TEST  @Epoch: 318  >>> 
[Wall TIME] >>> ChiefCoach.train takes 0.984589 seconds ...
[Coach] >>> TRAIN @Epoch: 319  >>>  || LOSS Avg: 0.02843
[Coach] >>> VALID @Epoch: 319  >>> 
[Coach] >>> TEST  @Epoch: 319  >>> 
[Wall TIME] >>> ChiefCoach.train takes 0.967094 seconds ...
[Wall TIME] >>> ChiefCoach.valid takes 0.200033 seconds ...
[Coach] >>> TRAIN @Epoch: 320  >>>  || LOSS Avg: 0.02808
[Coach] >>> VALID @Epoch: 320  >>>  || RECALL@1 Avg: 0.0125 || RECALL@10 Avg: 0.0524 || RECALL@20 Avg: 0.0718 || NDCG@10 Avg: 0.0294 || NDCG@20 Avg: 0.0342
[Coach] >>> TEST  @Epoch: 320  >>> 
[Wall TIME] >>> ChiefCoach.train takes 0.953238 seconds ...
[Coach] >>> TRAIN @Epoch: 321  >>>  || LOSS Avg: 0.02772
[Coach] >>> VALID @Epoch: 321  >>> 
[Coach] >>> TEST  @Epoch: 321  >>> 
[Wall TIME] >>> ChiefCoach.train takes 0.980116 seconds ...
[Coach] >>> TRAIN @Epoch: 322  >>>  || LOSS Avg: 0.02738
[Coach] >>> VALID @Epoch: 322  >>> 
[Coach] >>> TEST  @Epoch: 322  >>> 
[Wall TIME] >>> ChiefCoach.train takes 0.959314 seconds ...
[Coach] >>> TRAIN @Epoch: 323  >>>  || LOSS Avg: 0.02792
[Coach] >>> VALID @Epoch: 323  >>> 
[Coach] >>> TEST  @Epoch: 323  >>> 
[Wall TIME] >>> ChiefCoach.train takes 0.969079 seconds ...
[Coach] >>> TRAIN @Epoch: 324  >>>  || LOSS Avg: 0.02768
[Coach] >>> VALID @Epoch: 324  >>> 
[Coach] >>> TEST  @Epoch: 324  >>> 
[Wall TIME] >>> ChiefCoach.train takes 1.488179 seconds ...
[Wall TIME] >>> ChiefCoach.valid takes 0.205611 seconds ...
[Coach] >>> TRAIN @Epoch: 325  >>>  || LOSS Avg: 0.02720
[Coach] >>> VALID @Epoch: 325  >>>  || RECALL@1 Avg: 0.0118 || RECALL@10 Avg: 0.0518 || RECALL@20 Avg: 0.0731 || NDCG@10 Avg: 0.0290 || NDCG@20 Avg: 0.0344
[Coach] >>> TEST  @Epoch: 325  >>> 
[Wall TIME] >>> ChiefCoach.train takes 0.992306 seconds ...
[Coach] >>> TRAIN @Epoch: 326  >>>  || LOSS Avg: 0.02721
[Coach] >>> VALID @Epoch: 326  >>> 
[Coach] >>> TEST  @Epoch: 326  >>> 
[Wall TIME] >>> ChiefCoach.train takes 0.972821 seconds ...
[Coach] >>> TRAIN @Epoch: 327  >>>  || LOSS Avg: 0.02695
[Coach] >>> VALID @Epoch: 327  >>> 
[Coach] >>> TEST  @Epoch: 327  >>> 
[Wall TIME] >>> ChiefCoach.train takes 0.949359 seconds ...
[Coach] >>> TRAIN @Epoch: 328  >>>  || LOSS Avg: 0.02746
[Coach] >>> VALID @Epoch: 328  >>> 
[Coach] >>> TEST  @Epoch: 328  >>> 
[Wall TIME] >>> ChiefCoach.train takes 0.980235 seconds ...
[Coach] >>> TRAIN @Epoch: 329  >>>  || LOSS Avg: 0.02716
[Coach] >>> VALID @Epoch: 329  >>> 
[Coach] >>> TEST  @Epoch: 329  >>> 
[Wall TIME] >>> ChiefCoach.train takes 0.997439 seconds ...
[Wall TIME] >>> ChiefCoach.valid takes 0.200208 seconds ...
[Coach] >>> TRAIN @Epoch: 330  >>>  || LOSS Avg: 0.02728
[Coach] >>> VALID @Epoch: 330  >>>  || RECALL@1 Avg: 0.0125 || RECALL@10 Avg: 0.0515 || RECALL@20 Avg: 0.0718 || NDCG@10 Avg: 0.0292 || NDCG@20 Avg: 0.0343
[Coach] >>> TEST  @Epoch: 330  >>> 
[Wall TIME] >>> ChiefCoach.train takes 0.979694 seconds ...
[Coach] >>> TRAIN @Epoch: 331  >>>  || LOSS Avg: 0.02725
[Coach] >>> VALID @Epoch: 331  >>> 
[Coach] >>> TEST  @Epoch: 331  >>> 
[Wall TIME] >>> ChiefCoach.train takes 0.951416 seconds ...
[Coach] >>> TRAIN @Epoch: 332  >>>  || LOSS Avg: 0.02670
[Coach] >>> VALID @Epoch: 332  >>> 
[Coach] >>> TEST  @Epoch: 332  >>> 
[Wall TIME] >>> ChiefCoach.train takes 1.019655 seconds ...
[Coach] >>> TRAIN @Epoch: 333  >>>  || LOSS Avg: 0.02669
[Coach] >>> VALID @Epoch: 333  >>> 
[Coach] >>> TEST  @Epoch: 333  >>> 
[Wall TIME] >>> ChiefCoach.train takes 0.987544 seconds ...
[Coach] >>> TRAIN @Epoch: 334  >>>  || LOSS Avg: 0.02735
[Coach] >>> VALID @Epoch: 334  >>> 
[Coach] >>> TEST  @Epoch: 334  >>> 
[Wall TIME] >>> ChiefCoach.train takes 1.005260 seconds ...
[Wall TIME] >>> ChiefCoach.valid takes 0.204889 seconds ...
[Coach] >>> TRAIN @Epoch: 335  >>>  || LOSS Avg: 0.02738
[Coach] >>> VALID @Epoch: 335  >>>  || RECALL@1 Avg: 0.0128 || RECALL@10 Avg: 0.0524 || RECALL@20 Avg: 0.0711 || NDCG@10 Avg: 0.0298 || NDCG@20 Avg: 0.0345
[Coach] >>> TEST  @Epoch: 335  >>> 
[Wall TIME] >>> ChiefCoach.train takes 0.973314 seconds ...
[Coach] >>> TRAIN @Epoch: 336  >>>  || LOSS Avg: 0.02661
[Coach] >>> VALID @Epoch: 336  >>> 
[Coach] >>> TEST  @Epoch: 336  >>> 
[Wall TIME] >>> ChiefCoach.train takes 0.983321 seconds ...
[Coach] >>> TRAIN @Epoch: 337  >>>  || LOSS Avg: 0.02674
[Coach] >>> VALID @Epoch: 337  >>> 
[Coach] >>> TEST  @Epoch: 337  >>> 
[Wall TIME] >>> ChiefCoach.train takes 0.964969 seconds ...
[Coach] >>> TRAIN @Epoch: 338  >>>  || LOSS Avg: 0.02664
[Coach] >>> VALID @Epoch: 338  >>> 
[Coach] >>> TEST  @Epoch: 338  >>> 
[Wall TIME] >>> ChiefCoach.train takes 0.992381 seconds ...
[Coach] >>> TRAIN @Epoch: 339  >>>  || LOSS Avg: 0.02633
[Coach] >>> VALID @Epoch: 339  >>> 
[Coach] >>> TEST  @Epoch: 339  >>> 
[Wall TIME] >>> ChiefCoach.train takes 0.944405 seconds ...
[Wall TIME] >>> ChiefCoach.valid takes 0.200586 seconds ...
[Coach] >>> TRAIN @Epoch: 340  >>>  || LOSS Avg: 0.02628
[Coach] >>> VALID @Epoch: 340  >>>  || RECALL@1 Avg: 0.0128 || RECALL@10 Avg: 0.0531 || RECALL@20 Avg: 0.0724 || NDCG@10 Avg: 0.0298 || NDCG@20 Avg: 0.0347
[Coach] >>> TEST  @Epoch: 340  >>> 
[Wall TIME] >>> ChiefCoach.train takes 0.954150 seconds ...
[Coach] >>> TRAIN @Epoch: 341  >>>  || LOSS Avg: 0.02619
[Coach] >>> VALID @Epoch: 341  >>> 
[Coach] >>> TEST  @Epoch: 341  >>> 
[Wall TIME] >>> ChiefCoach.train takes 0.958338 seconds ...
[Coach] >>> TRAIN @Epoch: 342  >>>  || LOSS Avg: 0.02615
[Coach] >>> VALID @Epoch: 342  >>> 
[Coach] >>> TEST  @Epoch: 342  >>> 
[Wall TIME] >>> ChiefCoach.train takes 0.968122 seconds ...
[Coach] >>> TRAIN @Epoch: 343  >>>  || LOSS Avg: 0.02616
[Coach] >>> VALID @Epoch: 343  >>> 
[Coach] >>> TEST  @Epoch: 343  >>> 
[Wall TIME] >>> ChiefCoach.train takes 0.999059 seconds ...
[Coach] >>> TRAIN @Epoch: 344  >>>  || LOSS Avg: 0.02653
[Coach] >>> VALID @Epoch: 344  >>> 
[Coach] >>> TEST  @Epoch: 344  >>> 
[Wall TIME] >>> ChiefCoach.train takes 1.026196 seconds ...
[Wall TIME] >>> ChiefCoach.valid takes 0.198343 seconds ...
[Coach] >>> TRAIN @Epoch: 345  >>>  || LOSS Avg: 0.02598
[Coach] >>> VALID @Epoch: 345  >>>  || RECALL@1 Avg: 0.0125 || RECALL@10 Avg: 0.0531 || RECALL@20 Avg: 0.0721 || NDCG@10 Avg: 0.0299 || NDCG@20 Avg: 0.0346
[Coach] >>> TEST  @Epoch: 345  >>> 
[Wall TIME] >>> ChiefCoach.train takes 0.994146 seconds ...
[Coach] >>> TRAIN @Epoch: 346  >>>  || LOSS Avg: 0.02594
[Coach] >>> VALID @Epoch: 346  >>> 
[Coach] >>> TEST  @Epoch: 346  >>> 
[Wall TIME] >>> ChiefCoach.train takes 0.950364 seconds ...
[Coach] >>> TRAIN @Epoch: 347  >>>  || LOSS Avg: 0.02571
[Coach] >>> VALID @Epoch: 347  >>> 
[Coach] >>> TEST  @Epoch: 347  >>> 
[Wall TIME] >>> ChiefCoach.train takes 0.959696 seconds ...
[Coach] >>> TRAIN @Epoch: 348  >>>  || LOSS Avg: 0.02612
[Coach] >>> VALID @Epoch: 348  >>> 
[Coach] >>> TEST  @Epoch: 348  >>> 
[Wall TIME] >>> ChiefCoach.train takes 0.977788 seconds ...
[Coach] >>> TRAIN @Epoch: 349  >>>  || LOSS Avg: 0.02602
[Coach] >>> VALID @Epoch: 349  >>> 
[Coach] >>> TEST  @Epoch: 349  >>> 
[Wall TIME] >>> ChiefCoach.train takes 0.941833 seconds ...
[Wall TIME] >>> ChiefCoach.valid takes 0.198693 seconds ...
[Coach] >>> TRAIN @Epoch: 350  >>>  || LOSS Avg: 0.02605
[Coach] >>> VALID @Epoch: 350  >>>  || RECALL@1 Avg: 0.0118 || RECALL@10 Avg: 0.0538 || RECALL@20 Avg: 0.0718 || NDCG@10 Avg: 0.0298 || NDCG@20 Avg: 0.0343
[Coach] >>> TEST  @Epoch: 350  >>> 
[Wall TIME] >>> ChiefCoach.train takes 0.972319 seconds ...
[Coach] >>> TRAIN @Epoch: 351  >>>  || LOSS Avg: 0.02551
[Coach] >>> VALID @Epoch: 351  >>> 
[Coach] >>> TEST  @Epoch: 351  >>> 
[Wall TIME] >>> ChiefCoach.train takes 0.944843 seconds ...
[Coach] >>> TRAIN @Epoch: 352  >>>  || LOSS Avg: 0.02554
[Coach] >>> VALID @Epoch: 352  >>> 
[Coach] >>> TEST  @Epoch: 352  >>> 
[Wall TIME] >>> ChiefCoach.train takes 0.946215 seconds ...
[Coach] >>> TRAIN @Epoch: 353  >>>  || LOSS Avg: 0.02486
[Coach] >>> VALID @Epoch: 353  >>> 
[Coach] >>> TEST  @Epoch: 353  >>> 
[Wall TIME] >>> ChiefCoach.train takes 1.015203 seconds ...
[Coach] >>> TRAIN @Epoch: 354  >>>  || LOSS Avg: 0.02542
[Coach] >>> VALID @Epoch: 354  >>> 
[Coach] >>> TEST  @Epoch: 354  >>> 
[Wall TIME] >>> ChiefCoach.train takes 1.013221 seconds ...
[Wall TIME] >>> ChiefCoach.valid takes 0.201028 seconds ...
[Coach] >>> TRAIN @Epoch: 355  >>>  || LOSS Avg: 0.02512
[Coach] >>> VALID @Epoch: 355  >>>  || RECALL@1 Avg: 0.0128 || RECALL@10 Avg: 0.0531 || RECALL@20 Avg: 0.0728 || NDCG@10 Avg: 0.0300 || NDCG@20 Avg: 0.0349
[Coach] >>> TEST  @Epoch: 355  >>> 
[Wall TIME] >>> ChiefCoach.train takes 0.966279 seconds ...
[Coach] >>> TRAIN @Epoch: 356  >>>  || LOSS Avg: 0.02522
[Coach] >>> VALID @Epoch: 356  >>> 
[Coach] >>> TEST  @Epoch: 356  >>> 
[Wall TIME] >>> ChiefCoach.train takes 0.943063 seconds ...
[Coach] >>> TRAIN @Epoch: 357  >>>  || LOSS Avg: 0.02485
[Coach] >>> VALID @Epoch: 357  >>> 
[Coach] >>> TEST  @Epoch: 357  >>> 
[Wall TIME] >>> ChiefCoach.train takes 1.384779 seconds ...
[Coach] >>> TRAIN @Epoch: 358  >>>  || LOSS Avg: 0.02545
[Coach] >>> VALID @Epoch: 358  >>> 
[Coach] >>> TEST  @Epoch: 358  >>> 
[Wall TIME] >>> ChiefCoach.train takes 1.455337 seconds ...
[Coach] >>> TRAIN @Epoch: 359  >>>  || LOSS Avg: 0.02494
[Coach] >>> VALID @Epoch: 359  >>> 
[Coach] >>> TEST  @Epoch: 359  >>> 
[Wall TIME] >>> ChiefCoach.train takes 0.961327 seconds ...
[Wall TIME] >>> ChiefCoach.valid takes 0.204110 seconds ...
[Coach] >>> TRAIN @Epoch: 360  >>>  || LOSS Avg: 0.02538
[Coach] >>> VALID @Epoch: 360  >>>  || RECALL@1 Avg: 0.0118 || RECALL@10 Avg: 0.0534 || RECALL@20 Avg: 0.0724 || NDCG@10 Avg: 0.0298 || NDCG@20 Avg: 0.0345
[Coach] >>> TEST  @Epoch: 360  >>> 
[Wall TIME] >>> ChiefCoach.train takes 0.970105 seconds ...
[Coach] >>> TRAIN @Epoch: 361  >>>  || LOSS Avg: 0.02481
[Coach] >>> VALID @Epoch: 361  >>> 
[Coach] >>> TEST  @Epoch: 361  >>> 
[Wall TIME] >>> ChiefCoach.train takes 0.982182 seconds ...
[Coach] >>> TRAIN @Epoch: 362  >>>  || LOSS Avg: 0.02488
[Coach] >>> VALID @Epoch: 362  >>> 
[Coach] >>> TEST  @Epoch: 362  >>> 
[Wall TIME] >>> ChiefCoach.train takes 1.043921 seconds ...
[Coach] >>> TRAIN @Epoch: 363  >>>  || LOSS Avg: 0.02472
[Coach] >>> VALID @Epoch: 363  >>> 
[Coach] >>> TEST  @Epoch: 363  >>> 
[Wall TIME] >>> ChiefCoach.train takes 0.984102 seconds ...
[Coach] >>> TRAIN @Epoch: 364  >>>  || LOSS Avg: 0.02482
[Coach] >>> VALID @Epoch: 364  >>> 
[Coach] >>> TEST  @Epoch: 364  >>> 
[Wall TIME] >>> ChiefCoach.train takes 0.982462 seconds ...
[Wall TIME] >>> ChiefCoach.valid takes 0.201502 seconds ...
[Coach] >>> TRAIN @Epoch: 365  >>>  || LOSS Avg: 0.02467
[Coach] >>> VALID @Epoch: 365  >>>  || RECALL@1 Avg: 0.0131 || RECALL@10 Avg: 0.0521 || RECALL@20 Avg: 0.0731 || NDCG@10 Avg: 0.0298 || NDCG@20 Avg: 0.0350
[Coach] >>> TEST  @Epoch: 365  >>> 
[Wall TIME] >>> ChiefCoach.train takes 0.956086 seconds ...
[Coach] >>> TRAIN @Epoch: 366  >>>  || LOSS Avg: 0.02415
[Coach] >>> VALID @Epoch: 366  >>> 
[Coach] >>> TEST  @Epoch: 366  >>> 
[Wall TIME] >>> ChiefCoach.train takes 0.964183 seconds ...
[Coach] >>> TRAIN @Epoch: 367  >>>  || LOSS Avg: 0.02460
[Coach] >>> VALID @Epoch: 367  >>> 
[Coach] >>> TEST  @Epoch: 367  >>> 
[Wall TIME] >>> ChiefCoach.train takes 0.941126 seconds ...
[Coach] >>> TRAIN @Epoch: 368  >>>  || LOSS Avg: 0.02417
[Coach] >>> VALID @Epoch: 368  >>> 
[Coach] >>> TEST  @Epoch: 368  >>> 
[Wall TIME] >>> ChiefCoach.train takes 1.006257 seconds ...
[Coach] >>> TRAIN @Epoch: 369  >>>  || LOSS Avg: 0.02453
[Coach] >>> VALID @Epoch: 369  >>> 
[Coach] >>> TEST  @Epoch: 369  >>> 
[Wall TIME] >>> ChiefCoach.train takes 0.949190 seconds ...
[Wall TIME] >>> ChiefCoach.valid takes 0.203598 seconds ...
[Coach] >>> TRAIN @Epoch: 370  >>>  || LOSS Avg: 0.02407
[Coach] >>> VALID @Epoch: 370  >>>  || RECALL@1 Avg: 0.0128 || RECALL@10 Avg: 0.0511 || RECALL@20 Avg: 0.0721 || NDCG@10 Avg: 0.0294 || NDCG@20 Avg: 0.0347
[Coach] >>> TEST  @Epoch: 370  >>> 
[Wall TIME] >>> ChiefCoach.train takes 0.993057 seconds ...
[Coach] >>> TRAIN @Epoch: 371  >>>  || LOSS Avg: 0.02436
[Coach] >>> VALID @Epoch: 371  >>> 
[Coach] >>> TEST  @Epoch: 371  >>> 
[Wall TIME] >>> ChiefCoach.train takes 0.978071 seconds ...
[Coach] >>> TRAIN @Epoch: 372  >>>  || LOSS Avg: 0.02453
[Coach] >>> VALID @Epoch: 372  >>> 
[Coach] >>> TEST  @Epoch: 372  >>> 
[Wall TIME] >>> ChiefCoach.train takes 1.012046 seconds ...
[Coach] >>> TRAIN @Epoch: 373  >>>  || LOSS Avg: 0.02435
[Coach] >>> VALID @Epoch: 373  >>> 
[Coach] >>> TEST  @Epoch: 373  >>> 
[Wall TIME] >>> ChiefCoach.train takes 0.998505 seconds ...
[Coach] >>> TRAIN @Epoch: 374  >>>  || LOSS Avg: 0.02336
[Coach] >>> VALID @Epoch: 374  >>> 
[Coach] >>> TEST  @Epoch: 374  >>> 
[Wall TIME] >>> ChiefCoach.train takes 0.958438 seconds ...
[Wall TIME] >>> ChiefCoach.valid takes 0.203618 seconds ...
[Coach] >>> TRAIN @Epoch: 375  >>>  || LOSS Avg: 0.02404
[Coach] >>> VALID @Epoch: 375  >>>  || RECALL@1 Avg: 0.0128 || RECALL@10 Avg: 0.0515 || RECALL@20 Avg: 0.0724 || NDCG@10 Avg: 0.0296 || NDCG@20 Avg: 0.0348
[Coach] >>> TEST  @Epoch: 375  >>> 
[Wall TIME] >>> ChiefCoach.train takes 0.957871 seconds ...
[Coach] >>> TRAIN @Epoch: 376  >>>  || LOSS Avg: 0.02384
[Coach] >>> VALID @Epoch: 376  >>> 
[Coach] >>> TEST  @Epoch: 376  >>> 
[Wall TIME] >>> ChiefCoach.train takes 0.954052 seconds ...
[Coach] >>> TRAIN @Epoch: 377  >>>  || LOSS Avg: 0.02411
[Coach] >>> VALID @Epoch: 377  >>> 
[Coach] >>> TEST  @Epoch: 377  >>> 
[Wall TIME] >>> ChiefCoach.train takes 0.968622 seconds ...
[Coach] >>> TRAIN @Epoch: 378  >>>  || LOSS Avg: 0.02390
[Coach] >>> VALID @Epoch: 378  >>> 
[Coach] >>> TEST  @Epoch: 378  >>> 
[Wall TIME] >>> ChiefCoach.train takes 0.988012 seconds ...
[Coach] >>> TRAIN @Epoch: 379  >>>  || LOSS Avg: 0.02375
[Coach] >>> VALID @Epoch: 379  >>> 
[Coach] >>> TEST  @Epoch: 379  >>> 
[Wall TIME] >>> ChiefCoach.train takes 0.988958 seconds ...
[Wall TIME] >>> ChiefCoach.valid takes 0.207321 seconds ...
[Coach] >>> TRAIN @Epoch: 380  >>>  || LOSS Avg: 0.02394
[Coach] >>> VALID @Epoch: 380  >>>  || RECALL@1 Avg: 0.0125 || RECALL@10 Avg: 0.0505 || RECALL@20 Avg: 0.0718 || NDCG@10 Avg: 0.0291 || NDCG@20 Avg: 0.0344
[Coach] >>> TEST  @Epoch: 380  >>> 
[Wall TIME] >>> ChiefCoach.train takes 0.957796 seconds ...
[Coach] >>> TRAIN @Epoch: 381  >>>  || LOSS Avg: 0.02374
[Coach] >>> VALID @Epoch: 381  >>> 
[Coach] >>> TEST  @Epoch: 381  >>> 
[Wall TIME] >>> ChiefCoach.train takes 1.009631 seconds ...
[Coach] >>> TRAIN @Epoch: 382  >>>  || LOSS Avg: 0.02333
[Coach] >>> VALID @Epoch: 382  >>> 
[Coach] >>> TEST  @Epoch: 382  >>> 
[Wall TIME] >>> ChiefCoach.train takes 0.994044 seconds ...
[Coach] >>> TRAIN @Epoch: 383  >>>  || LOSS Avg: 0.02386
[Coach] >>> VALID @Epoch: 383  >>> 
[Coach] >>> TEST  @Epoch: 383  >>> 
[Wall TIME] >>> ChiefCoach.train takes 0.969593 seconds ...
[Coach] >>> TRAIN @Epoch: 384  >>>  || LOSS Avg: 0.02347
[Coach] >>> VALID @Epoch: 384  >>> 
[Coach] >>> TEST  @Epoch: 384  >>> 
[Wall TIME] >>> ChiefCoach.train takes 0.952463 seconds ...
[Wall TIME] >>> ChiefCoach.valid takes 0.207315 seconds ...
[Coach] >>> TRAIN @Epoch: 385  >>>  || LOSS Avg: 0.02398
[Coach] >>> VALID @Epoch: 385  >>>  || RECALL@1 Avg: 0.0128 || RECALL@10 Avg: 0.0501 || RECALL@20 Avg: 0.0724 || NDCG@10 Avg: 0.0292 || NDCG@20 Avg: 0.0347
[Coach] >>> TEST  @Epoch: 385  >>> 
[Wall TIME] >>> ChiefCoach.train takes 0.954150 seconds ...
[Coach] >>> TRAIN @Epoch: 386  >>>  || LOSS Avg: 0.02351
[Coach] >>> VALID @Epoch: 386  >>> 
[Coach] >>> TEST  @Epoch: 386  >>> 
[Wall TIME] >>> ChiefCoach.train takes 0.969018 seconds ...
[Coach] >>> TRAIN @Epoch: 387  >>>  || LOSS Avg: 0.02306
[Coach] >>> VALID @Epoch: 387  >>> 
[Coach] >>> TEST  @Epoch: 387  >>> 
[Wall TIME] >>> ChiefCoach.train takes 0.968328 seconds ...
[Coach] >>> TRAIN @Epoch: 388  >>>  || LOSS Avg: 0.02272
[Coach] >>> VALID @Epoch: 388  >>> 
[Coach] >>> TEST  @Epoch: 388  >>> 
[Wall TIME] >>> ChiefCoach.train takes 0.988647 seconds ...
[Coach] >>> TRAIN @Epoch: 389  >>>  || LOSS Avg: 0.02329
[Coach] >>> VALID @Epoch: 389  >>> 
[Coach] >>> TEST  @Epoch: 389  >>> 
[Wall TIME] >>> ChiefCoach.train takes 1.017778 seconds ...
[Wall TIME] >>> ChiefCoach.valid takes 0.206371 seconds ...
[Coach] >>> TRAIN @Epoch: 390  >>>  || LOSS Avg: 0.02321
[Coach] >>> VALID @Epoch: 390  >>>  || RECALL@1 Avg: 0.0121 || RECALL@10 Avg: 0.0508 || RECALL@20 Avg: 0.0715 || NDCG@10 Avg: 0.0286 || NDCG@20 Avg: 0.0337
[Coach] >>> TEST  @Epoch: 390  >>> 
[Wall TIME] >>> ChiefCoach.train takes 1.048203 seconds ...
[Coach] >>> TRAIN @Epoch: 391  >>>  || LOSS Avg: 0.02308
[Coach] >>> VALID @Epoch: 391  >>> 
[Coach] >>> TEST  @Epoch: 391  >>> 
[Wall TIME] >>> ChiefCoach.train takes 1.015423 seconds ...
[Coach] >>> TRAIN @Epoch: 392  >>>  || LOSS Avg: 0.02354
[Coach] >>> VALID @Epoch: 392  >>> 
[Coach] >>> TEST  @Epoch: 392  >>> 
[Wall TIME] >>> ChiefCoach.train takes 1.017020 seconds ...
[Coach] >>> TRAIN @Epoch: 393  >>>  || LOSS Avg: 0.02239
[Coach] >>> VALID @Epoch: 393  >>> 
[Coach] >>> TEST  @Epoch: 393  >>> 
[Wall TIME] >>> ChiefCoach.train takes 1.003411 seconds ...
[Coach] >>> TRAIN @Epoch: 394  >>>  || LOSS Avg: 0.02319
[Coach] >>> VALID @Epoch: 394  >>> 
[Coach] >>> TEST  @Epoch: 394  >>> 
[Wall TIME] >>> ChiefCoach.train takes 0.974592 seconds ...
[Wall TIME] >>> ChiefCoach.valid takes 0.202070 seconds ...
[Coach] >>> TRAIN @Epoch: 395  >>>  || LOSS Avg: 0.02303
[Coach] >>> VALID @Epoch: 395  >>>  || RECALL@1 Avg: 0.0128 || RECALL@10 Avg: 0.0511 || RECALL@20 Avg: 0.0711 || NDCG@10 Avg: 0.0290 || NDCG@20 Avg: 0.0340
[Coach] >>> TEST  @Epoch: 395  >>> 
[Wall TIME] >>> ChiefCoach.train takes 0.981003 seconds ...
[Coach] >>> TRAIN @Epoch: 396  >>>  || LOSS Avg: 0.02262
[Coach] >>> VALID @Epoch: 396  >>> 
[Coach] >>> TEST  @Epoch: 396  >>> 
[Wall TIME] >>> ChiefCoach.train takes 1.437425 seconds ...
[Coach] >>> TRAIN @Epoch: 397  >>>  || LOSS Avg: 0.02283
[Coach] >>> VALID @Epoch: 397  >>> 
[Coach] >>> TEST  @Epoch: 397  >>> 
[Wall TIME] >>> ChiefCoach.train takes 1.523443 seconds ...
[Coach] >>> TRAIN @Epoch: 398  >>>  || LOSS Avg: 0.02320
[Coach] >>> VALID @Epoch: 398  >>> 
[Coach] >>> TEST  @Epoch: 398  >>> 
[Wall TIME] >>> ChiefCoach.train takes 0.991887 seconds ...
[Coach] >>> TRAIN @Epoch: 399  >>>  || LOSS Avg: 0.02294
[Coach] >>> VALID @Epoch: 399  >>> 
[Coach] >>> TEST  @Epoch: 399  >>> 
[Wall TIME] >>> ChiefCoach.train takes 1.008713 seconds ...
[Wall TIME] >>> ChiefCoach.valid takes 0.202709 seconds ...
[Coach] >>> TRAIN @Epoch: 400  >>>  || LOSS Avg: 0.02286
[Coach] >>> VALID @Epoch: 400  >>>  || RECALL@1 Avg: 0.0118 || RECALL@10 Avg: 0.0511 || RECALL@20 Avg: 0.0718 || NDCG@10 Avg: 0.0289 || NDCG@20 Avg: 0.0340
[Coach] >>> TEST  @Epoch: 400  >>> 
[Wall TIME] >>> ChiefCoach.train takes 0.969050 seconds ...
[Coach] >>> TRAIN @Epoch: 401  >>>  || LOSS Avg: 0.02256
[Coach] >>> VALID @Epoch: 401  >>> 
[Coach] >>> TEST  @Epoch: 401  >>> 
[Wall TIME] >>> ChiefCoach.train takes 0.940068 seconds ...
[Coach] >>> TRAIN @Epoch: 402  >>>  || LOSS Avg: 0.02287
[Coach] >>> VALID @Epoch: 402  >>> 
[Coach] >>> TEST  @Epoch: 402  >>> 
[Wall TIME] >>> ChiefCoach.train takes 0.952634 seconds ...
[Coach] >>> TRAIN @Epoch: 403  >>>  || LOSS Avg: 0.02245
[Coach] >>> VALID @Epoch: 403  >>> 
[Coach] >>> TEST  @Epoch: 403  >>> 
[Wall TIME] >>> ChiefCoach.train takes 0.986725 seconds ...
[Coach] >>> TRAIN @Epoch: 404  >>>  || LOSS Avg: 0.02223
[Coach] >>> VALID @Epoch: 404  >>> 
[Coach] >>> TEST  @Epoch: 404  >>> 
[Wall TIME] >>> ChiefCoach.train takes 1.006324 seconds ...
[Wall TIME] >>> ChiefCoach.valid takes 0.201619 seconds ...
[Coach] >>> TRAIN @Epoch: 405  >>>  || LOSS Avg: 0.02251
[Coach] >>> VALID @Epoch: 405  >>>  || RECALL@1 Avg: 0.0111 || RECALL@10 Avg: 0.0505 || RECALL@20 Avg: 0.0698 || NDCG@10 Avg: 0.0286 || NDCG@20 Avg: 0.0333
[Coach] >>> TEST  @Epoch: 405  >>> 
[Wall TIME] >>> ChiefCoach.train takes 0.991224 seconds ...
[Coach] >>> TRAIN @Epoch: 406  >>>  || LOSS Avg: 0.02277
[Coach] >>> VALID @Epoch: 406  >>> 
[Coach] >>> TEST  @Epoch: 406  >>> 
[Wall TIME] >>> ChiefCoach.train takes 0.936494 seconds ...
[Coach] >>> TRAIN @Epoch: 407  >>>  || LOSS Avg: 0.02269
[Coach] >>> VALID @Epoch: 407  >>> 
[Coach] >>> TEST  @Epoch: 407  >>> 
[Wall TIME] >>> ChiefCoach.train takes 0.969670 seconds ...
[Coach] >>> TRAIN @Epoch: 408  >>>  || LOSS Avg: 0.02253
[Coach] >>> VALID @Epoch: 408  >>> 
[Coach] >>> TEST  @Epoch: 408  >>> 
[Wall TIME] >>> ChiefCoach.train takes 0.979956 seconds ...
[Coach] >>> TRAIN @Epoch: 409  >>>  || LOSS Avg: 0.02277
[Coach] >>> VALID @Epoch: 409  >>> 
[Coach] >>> TEST  @Epoch: 409  >>> 
[Wall TIME] >>> ChiefCoach.train takes 1.028348 seconds ...
[Wall TIME] >>> ChiefCoach.valid takes 0.197314 seconds ...
[Coach] >>> TRAIN @Epoch: 410  >>>  || LOSS Avg: 0.02177
[Coach] >>> VALID @Epoch: 410  >>>  || RECALL@1 Avg: 0.0118 || RECALL@10 Avg: 0.0505 || RECALL@20 Avg: 0.0715 || NDCG@10 Avg: 0.0288 || NDCG@20 Avg: 0.0339
[Coach] >>> TEST  @Epoch: 410  >>> 
[Wall TIME] >>> ChiefCoach.train takes 0.968695 seconds ...
[Coach] >>> TRAIN @Epoch: 411  >>>  || LOSS Avg: 0.02233
[Coach] >>> VALID @Epoch: 411  >>> 
[Coach] >>> TEST  @Epoch: 411  >>> 
[Wall TIME] >>> ChiefCoach.train takes 0.993868 seconds ...
[Coach] >>> TRAIN @Epoch: 412  >>>  || LOSS Avg: 0.02186
[Coach] >>> VALID @Epoch: 412  >>> 
[Coach] >>> TEST  @Epoch: 412  >>> 
[Wall TIME] >>> ChiefCoach.train takes 0.978700 seconds ...
[Coach] >>> TRAIN @Epoch: 413  >>>  || LOSS Avg: 0.02246
[Coach] >>> VALID @Epoch: 413  >>> 
[Coach] >>> TEST  @Epoch: 413  >>> 
[Wall TIME] >>> ChiefCoach.train takes 0.968933 seconds ...
[Coach] >>> TRAIN @Epoch: 414  >>>  || LOSS Avg: 0.02210
[Coach] >>> VALID @Epoch: 414  >>> 
[Coach] >>> TEST  @Epoch: 414  >>> 
[Wall TIME] >>> ChiefCoach.train takes 0.995285 seconds ...
[Wall TIME] >>> ChiefCoach.valid takes 0.200758 seconds ...
[Coach] >>> TRAIN @Epoch: 415  >>>  || LOSS Avg: 0.02161
[Coach] >>> VALID @Epoch: 415  >>>  || RECALL@1 Avg: 0.0121 || RECALL@10 Avg: 0.0508 || RECALL@20 Avg: 0.0737 || NDCG@10 Avg: 0.0289 || NDCG@20 Avg: 0.0346
[Coach] >>> TEST  @Epoch: 415  >>> 
[Wall TIME] >>> ChiefCoach.train takes 0.981318 seconds ...
[Coach] >>> TRAIN @Epoch: 416  >>>  || LOSS Avg: 0.02196
[Coach] >>> VALID @Epoch: 416  >>> 
[Coach] >>> TEST  @Epoch: 416  >>> 
[Wall TIME] >>> ChiefCoach.train takes 0.983614 seconds ...
[Coach] >>> TRAIN @Epoch: 417  >>>  || LOSS Avg: 0.02200
[Coach] >>> VALID @Epoch: 417  >>> 
[Coach] >>> TEST  @Epoch: 417  >>> 
[Wall TIME] >>> ChiefCoach.train takes 0.988013 seconds ...
[Coach] >>> TRAIN @Epoch: 418  >>>  || LOSS Avg: 0.02162
[Coach] >>> VALID @Epoch: 418  >>> 
[Coach] >>> TEST  @Epoch: 418  >>> 
[Wall TIME] >>> ChiefCoach.train takes 1.026997 seconds ...
[Coach] >>> TRAIN @Epoch: 419  >>>  || LOSS Avg: 0.02198
[Coach] >>> VALID @Epoch: 419  >>> 
[Coach] >>> TEST  @Epoch: 419  >>> 
[Wall TIME] >>> ChiefCoach.train takes 1.028001 seconds ...
[Wall TIME] >>> ChiefCoach.valid takes 0.199943 seconds ...
[Coach] >>> TRAIN @Epoch: 420  >>>  || LOSS Avg: 0.02098
[Coach] >>> VALID @Epoch: 420  >>>  || RECALL@1 Avg: 0.0118 || RECALL@10 Avg: 0.0511 || RECALL@20 Avg: 0.0731 || NDCG@10 Avg: 0.0288 || NDCG@20 Avg: 0.0342
[Coach] >>> TEST  @Epoch: 420  >>> 
[Wall TIME] >>> ChiefCoach.train takes 0.957891 seconds ...
[Coach] >>> TRAIN @Epoch: 421  >>>  || LOSS Avg: 0.02137
[Coach] >>> VALID @Epoch: 421  >>> 
[Coach] >>> TEST  @Epoch: 421  >>> 
[Wall TIME] >>> ChiefCoach.train takes 0.957882 seconds ...
[Coach] >>> TRAIN @Epoch: 422  >>>  || LOSS Avg: 0.02116
[Coach] >>> VALID @Epoch: 422  >>> 
[Coach] >>> TEST  @Epoch: 422  >>> 
[Wall TIME] >>> ChiefCoach.train takes 0.975590 seconds ...
[Coach] >>> TRAIN @Epoch: 423  >>>  || LOSS Avg: 0.02217
[Coach] >>> VALID @Epoch: 423  >>> 
[Coach] >>> TEST  @Epoch: 423  >>> 
[Wall TIME] >>> ChiefCoach.train takes 0.975962 seconds ...
[Coach] >>> TRAIN @Epoch: 424  >>>  || LOSS Avg: 0.02169
[Coach] >>> VALID @Epoch: 424  >>> 
[Coach] >>> TEST  @Epoch: 424  >>> 
[Wall TIME] >>> ChiefCoach.train takes 0.967392 seconds ...
[Wall TIME] >>> ChiefCoach.valid takes 0.203146 seconds ...
[Coach] >>> TRAIN @Epoch: 425  >>>  || LOSS Avg: 0.02150
[Coach] >>> VALID @Epoch: 425  >>>  || RECALL@1 Avg: 0.0134 || RECALL@10 Avg: 0.0508 || RECALL@20 Avg: 0.0728 || NDCG@10 Avg: 0.0293 || NDCG@20 Avg: 0.0348
[Coach] >>> TEST  @Epoch: 425  >>> 
[Wall TIME] >>> ChiefCoach.train takes 1.004180 seconds ...
[Coach] >>> TRAIN @Epoch: 426  >>>  || LOSS Avg: 0.02179
[Coach] >>> VALID @Epoch: 426  >>> 
[Coach] >>> TEST  @Epoch: 426  >>> 
[Wall TIME] >>> ChiefCoach.train takes 0.974204 seconds ...
[Coach] >>> TRAIN @Epoch: 427  >>>  || LOSS Avg: 0.02146
[Coach] >>> VALID @Epoch: 427  >>> 
[Coach] >>> TEST  @Epoch: 427  >>> 
[Wall TIME] >>> ChiefCoach.train takes 0.964904 seconds ...
[Coach] >>> TRAIN @Epoch: 428  >>>  || LOSS Avg: 0.02105
[Coach] >>> VALID @Epoch: 428  >>> 
[Coach] >>> TEST  @Epoch: 428  >>> 
[Wall TIME] >>> ChiefCoach.train takes 2.003855 seconds ...
[Coach] >>> TRAIN @Epoch: 429  >>>  || LOSS Avg: 0.02143
[Coach] >>> VALID @Epoch: 429  >>> 
[Coach] >>> TEST  @Epoch: 429  >>> 
[Wall TIME] >>> ChiefCoach.train takes 0.963882 seconds ...
[Wall TIME] >>> ChiefCoach.valid takes 0.203474 seconds ...
[Coach] >>> TRAIN @Epoch: 430  >>>  || LOSS Avg: 0.02120
[Coach] >>> VALID @Epoch: 430  >>>  || RECALL@1 Avg: 0.0131 || RECALL@10 Avg: 0.0508 || RECALL@20 Avg: 0.0744 || NDCG@10 Avg: 0.0292 || NDCG@20 Avg: 0.0350
[Coach] >>> TEST  @Epoch: 430  >>> 
[Wall TIME] >>> ChiefCoach.train takes 0.974177 seconds ...
[Coach] >>> TRAIN @Epoch: 431  >>>  || LOSS Avg: 0.02181
[Coach] >>> VALID @Epoch: 431  >>> 
[Coach] >>> TEST  @Epoch: 431  >>> 
[Wall TIME] >>> ChiefCoach.train takes 0.959778 seconds ...
[Coach] >>> TRAIN @Epoch: 432  >>>  || LOSS Avg: 0.02156
[Coach] >>> VALID @Epoch: 432  >>> 
[Coach] >>> TEST  @Epoch: 432  >>> 
[Wall TIME] >>> ChiefCoach.train takes 1.001957 seconds ...
[Coach] >>> TRAIN @Epoch: 433  >>>  || LOSS Avg: 0.02140
[Coach] >>> VALID @Epoch: 433  >>> 
[Coach] >>> TEST  @Epoch: 433  >>> 
[Wall TIME] >>> ChiefCoach.train takes 0.954202 seconds ...
[Coach] >>> TRAIN @Epoch: 434  >>>  || LOSS Avg: 0.02176
[Coach] >>> VALID @Epoch: 434  >>> 
[Coach] >>> TEST  @Epoch: 434  >>> 
[Wall TIME] >>> ChiefCoach.train takes 0.950865 seconds ...
[Wall TIME] >>> ChiefCoach.valid takes 0.914344 seconds ...
[Coach] >>> TRAIN @Epoch: 435  >>>  || LOSS Avg: 0.02111
[Coach] >>> VALID @Epoch: 435  >>>  || RECALL@1 Avg: 0.0128 || RECALL@10 Avg: 0.0498 || RECALL@20 Avg: 0.0747 || NDCG@10 Avg: 0.0291 || NDCG@20 Avg: 0.0353
[Coach] >>> TEST  @Epoch: 435  >>> 
[Wall TIME] >>> ChiefCoach.train takes 0.959905 seconds ...
[Coach] >>> TRAIN @Epoch: 436  >>>  || LOSS Avg: 0.02098
[Coach] >>> VALID @Epoch: 436  >>> 
[Coach] >>> TEST  @Epoch: 436  >>> 
[Wall TIME] >>> ChiefCoach.train takes 1.024186 seconds ...
[Coach] >>> TRAIN @Epoch: 437  >>>  || LOSS Avg: 0.02057
[Coach] >>> VALID @Epoch: 437  >>> 
[Coach] >>> TEST  @Epoch: 437  >>> 
[Wall TIME] >>> ChiefCoach.train takes 0.993551 seconds ...
[Coach] >>> TRAIN @Epoch: 438  >>>  || LOSS Avg: 0.02102
[Coach] >>> VALID @Epoch: 438  >>> 
[Coach] >>> TEST  @Epoch: 438  >>> 
[Wall TIME] >>> ChiefCoach.train takes 0.975085 seconds ...
[Coach] >>> TRAIN @Epoch: 439  >>>  || LOSS Avg: 0.02079
[Coach] >>> VALID @Epoch: 439  >>> 
[Coach] >>> TEST  @Epoch: 439  >>> 
[Wall TIME] >>> ChiefCoach.train takes 0.950472 seconds ...
[Wall TIME] >>> ChiefCoach.valid takes 0.914783 seconds ...
[Coach] >>> TRAIN @Epoch: 440  >>>  || LOSS Avg: 0.02160
[Coach] >>> VALID @Epoch: 440  >>>  || RECALL@1 Avg: 0.0134 || RECALL@10 Avg: 0.0511 || RECALL@20 Avg: 0.0741 || NDCG@10 Avg: 0.0297 || NDCG@20 Avg: 0.0354
[Coach] >>> TEST  @Epoch: 440  >>> 
[Wall TIME] >>> ChiefCoach.train takes 0.960887 seconds ...
[Coach] >>> TRAIN @Epoch: 441  >>>  || LOSS Avg: 0.02107
[Coach] >>> VALID @Epoch: 441  >>> 
[Coach] >>> TEST  @Epoch: 441  >>> 
[Wall TIME] >>> ChiefCoach.train takes 0.945365 seconds ...
[Coach] >>> TRAIN @Epoch: 442  >>>  || LOSS Avg: 0.02119
[Coach] >>> VALID @Epoch: 442  >>> 
[Coach] >>> TEST  @Epoch: 442  >>> 
[Wall TIME] >>> ChiefCoach.train takes 0.977272 seconds ...
[Coach] >>> TRAIN @Epoch: 443  >>>  || LOSS Avg: 0.02122
[Coach] >>> VALID @Epoch: 443  >>> 
[Coach] >>> TEST  @Epoch: 443  >>> 
[Wall TIME] >>> ChiefCoach.train takes 0.966084 seconds ...
[Coach] >>> TRAIN @Epoch: 444  >>>  || LOSS Avg: 0.02080
[Coach] >>> VALID @Epoch: 444  >>> 
[Coach] >>> TEST  @Epoch: 444  >>> 
[Wall TIME] >>> ChiefCoach.train takes 0.980108 seconds ...
[Wall TIME] >>> ChiefCoach.valid takes 0.201484 seconds ...
[Coach] >>> TRAIN @Epoch: 445  >>>  || LOSS Avg: 0.02082
[Coach] >>> VALID @Epoch: 445  >>>  || RECALL@1 Avg: 0.0138 || RECALL@10 Avg: 0.0505 || RECALL@20 Avg: 0.0741 || NDCG@10 Avg: 0.0297 || NDCG@20 Avg: 0.0356
[Coach] >>> TEST  @Epoch: 445  >>> 
[Wall TIME] >>> ChiefCoach.train takes 1.030290 seconds ...
[Coach] >>> TRAIN @Epoch: 446  >>>  || LOSS Avg: 0.02034
[Coach] >>> VALID @Epoch: 446  >>> 
[Coach] >>> TEST  @Epoch: 446  >>> 
[Wall TIME] >>> ChiefCoach.train takes 0.948594 seconds ...
[Coach] >>> TRAIN @Epoch: 447  >>>  || LOSS Avg: 0.02115
[Coach] >>> VALID @Epoch: 447  >>> 
[Coach] >>> TEST  @Epoch: 447  >>> 
[Wall TIME] >>> ChiefCoach.train takes 0.997336 seconds ...
[Coach] >>> TRAIN @Epoch: 448  >>>  || LOSS Avg: 0.02056
[Coach] >>> VALID @Epoch: 448  >>> 
[Coach] >>> TEST  @Epoch: 448  >>> 
[Wall TIME] >>> ChiefCoach.train takes 0.975289 seconds ...
[Coach] >>> TRAIN @Epoch: 449  >>>  || LOSS Avg: 0.02046
[Coach] >>> VALID @Epoch: 449  >>> 
[Coach] >>> TEST  @Epoch: 449  >>> 
[Wall TIME] >>> ChiefCoach.train takes 0.975261 seconds ...
[Wall TIME] >>> ChiefCoach.valid takes 0.204908 seconds ...
[Coach] >>> TRAIN @Epoch: 450  >>>  || LOSS Avg: 0.02091
[Coach] >>> VALID @Epoch: 450  >>>  || RECALL@1 Avg: 0.0131 || RECALL@10 Avg: 0.0505 || RECALL@20 Avg: 0.0741 || NDCG@10 Avg: 0.0294 || NDCG@20 Avg: 0.0352
[Coach] >>> TEST  @Epoch: 450  >>> 
[Wall TIME] >>> ChiefCoach.train takes 0.981015 seconds ...
[Coach] >>> TRAIN @Epoch: 451  >>>  || LOSS Avg: 0.02009
[Coach] >>> VALID @Epoch: 451  >>> 
[Coach] >>> TEST  @Epoch: 451  >>> 
[Wall TIME] >>> ChiefCoach.train takes 0.957862 seconds ...
[Coach] >>> TRAIN @Epoch: 452  >>>  || LOSS Avg: 0.02052
[Coach] >>> VALID @Epoch: 452  >>> 
[Coach] >>> TEST  @Epoch: 452  >>> 
[Wall TIME] >>> ChiefCoach.train takes 0.963662 seconds ...
[Coach] >>> TRAIN @Epoch: 453  >>>  || LOSS Avg: 0.02059
[Coach] >>> VALID @Epoch: 453  >>> 
[Coach] >>> TEST  @Epoch: 453  >>> 
[Wall TIME] >>> ChiefCoach.train takes 0.964943 seconds ...
[Coach] >>> TRAIN @Epoch: 454  >>>  || LOSS Avg: 0.02070
[Coach] >>> VALID @Epoch: 454  >>> 
[Coach] >>> TEST  @Epoch: 454  >>> 
[Wall TIME] >>> ChiefCoach.train takes 0.980594 seconds ...
[Wall TIME] >>> ChiefCoach.valid takes 0.231338 seconds ...
[Coach] >>> TRAIN @Epoch: 455  >>>  || LOSS Avg: 0.02038
[Coach] >>> VALID @Epoch: 455  >>>  || RECALL@1 Avg: 0.0131 || RECALL@10 Avg: 0.0515 || RECALL@20 Avg: 0.0737 || NDCG@10 Avg: 0.0297 || NDCG@20 Avg: 0.0352
[Coach] >>> TEST  @Epoch: 455  >>> 
[Wall TIME] >>> ChiefCoach.train takes 0.937742 seconds ...
[Coach] >>> TRAIN @Epoch: 456  >>>  || LOSS Avg: 0.02077
[Coach] >>> VALID @Epoch: 456  >>> 
[Coach] >>> TEST  @Epoch: 456  >>> 
[Wall TIME] >>> ChiefCoach.train takes 0.967546 seconds ...
[Coach] >>> TRAIN @Epoch: 457  >>>  || LOSS Avg: 0.02087
[Coach] >>> VALID @Epoch: 457  >>> 
[Coach] >>> TEST  @Epoch: 457  >>> 
[Wall TIME] >>> ChiefCoach.train takes 0.987847 seconds ...
[Coach] >>> TRAIN @Epoch: 458  >>>  || LOSS Avg: 0.02029
[Coach] >>> VALID @Epoch: 458  >>> 
[Coach] >>> TEST  @Epoch: 458  >>> 
[Wall TIME] >>> ChiefCoach.train takes 0.957457 seconds ...
[Coach] >>> TRAIN @Epoch: 459  >>>  || LOSS Avg: 0.02020
[Coach] >>> VALID @Epoch: 459  >>> 
[Coach] >>> TEST  @Epoch: 459  >>> 
[Wall TIME] >>> ChiefCoach.train takes 0.957713 seconds ...
[Wall TIME] >>> ChiefCoach.valid takes 0.198063 seconds ...
[Coach] >>> TRAIN @Epoch: 460  >>>  || LOSS Avg: 0.02047
[Coach] >>> VALID @Epoch: 460  >>>  || RECALL@1 Avg: 0.0128 || RECALL@10 Avg: 0.0505 || RECALL@20 Avg: 0.0747 || NDCG@10 Avg: 0.0295 || NDCG@20 Avg: 0.0355
[Coach] >>> TEST  @Epoch: 460  >>> 
[Wall TIME] >>> ChiefCoach.train takes 0.982164 seconds ...
[Coach] >>> TRAIN @Epoch: 461  >>>  || LOSS Avg: 0.02041
[Coach] >>> VALID @Epoch: 461  >>> 
[Coach] >>> TEST  @Epoch: 461  >>> 
[Wall TIME] >>> ChiefCoach.train takes 0.959436 seconds ...
[Coach] >>> TRAIN @Epoch: 462  >>>  || LOSS Avg: 0.02015
[Coach] >>> VALID @Epoch: 462  >>> 
[Coach] >>> TEST  @Epoch: 462  >>> 
[Wall TIME] >>> ChiefCoach.train takes 0.994256 seconds ...
[Coach] >>> TRAIN @Epoch: 463  >>>  || LOSS Avg: 0.02015
[Coach] >>> VALID @Epoch: 463  >>> 
[Coach] >>> TEST  @Epoch: 463  >>> 
[Wall TIME] >>> ChiefCoach.train takes 1.425492 seconds ...
[Coach] >>> TRAIN @Epoch: 464  >>>  || LOSS Avg: 0.02011
[Coach] >>> VALID @Epoch: 464  >>> 
[Coach] >>> TEST  @Epoch: 464  >>> 
[Wall TIME] >>> ChiefCoach.train takes 1.525462 seconds ...
[Wall TIME] >>> ChiefCoach.valid takes 0.203702 seconds ...
[Coach] >>> TRAIN @Epoch: 465  >>>  || LOSS Avg: 0.01985
[Coach] >>> VALID @Epoch: 465  >>>  || RECALL@1 Avg: 0.0125 || RECALL@10 Avg: 0.0501 || RECALL@20 Avg: 0.0734 || NDCG@10 Avg: 0.0292 || NDCG@20 Avg: 0.0350
[Coach] >>> TEST  @Epoch: 465  >>> 
[Wall TIME] >>> ChiefCoach.train takes 0.970523 seconds ...
[Coach] >>> TRAIN @Epoch: 466  >>>  || LOSS Avg: 0.01997
[Coach] >>> VALID @Epoch: 466  >>> 
[Coach] >>> TEST  @Epoch: 466  >>> 
[Wall TIME] >>> ChiefCoach.train takes 1.007118 seconds ...
[Coach] >>> TRAIN @Epoch: 467  >>>  || LOSS Avg: 0.02028
[Coach] >>> VALID @Epoch: 467  >>> 
[Coach] >>> TEST  @Epoch: 467  >>> 
[Wall TIME] >>> ChiefCoach.train takes 0.976291 seconds ...
[Coach] >>> TRAIN @Epoch: 468  >>>  || LOSS Avg: 0.02004
[Coach] >>> VALID @Epoch: 468  >>> 
[Coach] >>> TEST  @Epoch: 468  >>> 
[Wall TIME] >>> ChiefCoach.train takes 0.935050 seconds ...
[Coach] >>> TRAIN @Epoch: 469  >>>  || LOSS Avg: 0.01972
[Coach] >>> VALID @Epoch: 469  >>> 
[Coach] >>> TEST  @Epoch: 469  >>> 
[Wall TIME] >>> ChiefCoach.train takes 0.969389 seconds ...
[Wall TIME] >>> ChiefCoach.valid takes 0.203772 seconds ...
[Coach] >>> TRAIN @Epoch: 470  >>>  || LOSS Avg: 0.01971
[Coach] >>> VALID @Epoch: 470  >>>  || RECALL@1 Avg: 0.0125 || RECALL@10 Avg: 0.0501 || RECALL@20 Avg: 0.0760 || NDCG@10 Avg: 0.0292 || NDCG@20 Avg: 0.0356
[Coach] >>> TEST  @Epoch: 470  >>> 
[Wall TIME] >>> ChiefCoach.train takes 0.970944 seconds ...
[Coach] >>> TRAIN @Epoch: 471  >>>  || LOSS Avg: 0.02043
[Coach] >>> VALID @Epoch: 471  >>> 
[Coach] >>> TEST  @Epoch: 471  >>> 
[Wall TIME] >>> ChiefCoach.train takes 0.978980 seconds ...
[Coach] >>> TRAIN @Epoch: 472  >>>  || LOSS Avg: 0.01987
[Coach] >>> VALID @Epoch: 472  >>> 
[Coach] >>> TEST  @Epoch: 472  >>> 
[Wall TIME] >>> ChiefCoach.train takes 0.959135 seconds ...
[Coach] >>> TRAIN @Epoch: 473  >>>  || LOSS Avg: 0.01975
[Coach] >>> VALID @Epoch: 473  >>> 
[Coach] >>> TEST  @Epoch: 473  >>> 
[Wall TIME] >>> ChiefCoach.train takes 1.056021 seconds ...
[Coach] >>> TRAIN @Epoch: 474  >>>  || LOSS Avg: 0.01984
[Coach] >>> VALID @Epoch: 474  >>> 
[Coach] >>> TEST  @Epoch: 474  >>> 
[Wall TIME] >>> ChiefCoach.train takes 0.951877 seconds ...
[Wall TIME] >>> ChiefCoach.valid takes 0.203692 seconds ...
[Coach] >>> TRAIN @Epoch: 475  >>>  || LOSS Avg: 0.01978
[Coach] >>> VALID @Epoch: 475  >>>  || RECALL@1 Avg: 0.0121 || RECALL@10 Avg: 0.0498 || RECALL@20 Avg: 0.0747 || NDCG@10 Avg: 0.0288 || NDCG@20 Avg: 0.0351
[Coach] >>> TEST  @Epoch: 475  >>> 
[Wall TIME] >>> ChiefCoach.train takes 0.990608 seconds ...
[Coach] >>> TRAIN @Epoch: 476  >>>  || LOSS Avg: 0.01972
[Coach] >>> VALID @Epoch: 476  >>> 
[Coach] >>> TEST  @Epoch: 476  >>> 
[Wall TIME] >>> ChiefCoach.train takes 0.987677 seconds ...
[Coach] >>> TRAIN @Epoch: 477  >>>  || LOSS Avg: 0.01981
[Coach] >>> VALID @Epoch: 477  >>> 
[Coach] >>> TEST  @Epoch: 477  >>> 
[Wall TIME] >>> ChiefCoach.train takes 0.984796 seconds ...
[Coach] >>> TRAIN @Epoch: 478  >>>  || LOSS Avg: 0.01955
[Coach] >>> VALID @Epoch: 478  >>> 
[Coach] >>> TEST  @Epoch: 478  >>> 
[Wall TIME] >>> ChiefCoach.train takes 0.945045 seconds ...
[Coach] >>> TRAIN @Epoch: 479  >>>  || LOSS Avg: 0.01970
[Coach] >>> VALID @Epoch: 479  >>> 
[Coach] >>> TEST  @Epoch: 479  >>> 
[Wall TIME] >>> ChiefCoach.train takes 0.998658 seconds ...
[Wall TIME] >>> ChiefCoach.valid takes 0.202624 seconds ...
[Coach] >>> TRAIN @Epoch: 480  >>>  || LOSS Avg: 0.01979
[Coach] >>> VALID @Epoch: 480  >>>  || RECALL@1 Avg: 0.0125 || RECALL@10 Avg: 0.0505 || RECALL@20 Avg: 0.0754 || NDCG@10 Avg: 0.0290 || NDCG@20 Avg: 0.0352
[Coach] >>> TEST  @Epoch: 480  >>> 
[Wall TIME] >>> ChiefCoach.train takes 0.968592 seconds ...
[Coach] >>> TRAIN @Epoch: 481  >>>  || LOSS Avg: 0.01983
[Coach] >>> VALID @Epoch: 481  >>> 
[Coach] >>> TEST  @Epoch: 481  >>> 
[Wall TIME] >>> ChiefCoach.train takes 0.984605 seconds ...
[Coach] >>> TRAIN @Epoch: 482  >>>  || LOSS Avg: 0.01934
[Coach] >>> VALID @Epoch: 482  >>> 
[Coach] >>> TEST  @Epoch: 482  >>> 
[Wall TIME] >>> ChiefCoach.train takes 0.988474 seconds ...
[Coach] >>> TRAIN @Epoch: 483  >>>  || LOSS Avg: 0.01941
[Coach] >>> VALID @Epoch: 483  >>> 
[Coach] >>> TEST  @Epoch: 483  >>> 
[Wall TIME] >>> ChiefCoach.train takes 0.990519 seconds ...
[Coach] >>> TRAIN @Epoch: 484  >>>  || LOSS Avg: 0.01976
[Coach] >>> VALID @Epoch: 484  >>> 
[Coach] >>> TEST  @Epoch: 484  >>> 
[Wall TIME] >>> ChiefCoach.train takes 0.952916 seconds ...
[Wall TIME] >>> ChiefCoach.valid takes 0.206906 seconds ...
[Coach] >>> TRAIN @Epoch: 485  >>>  || LOSS Avg: 0.01959
[Coach] >>> VALID @Epoch: 485  >>>  || RECALL@1 Avg: 0.0111 || RECALL@10 Avg: 0.0515 || RECALL@20 Avg: 0.0751 || NDCG@10 Avg: 0.0287 || NDCG@20 Avg: 0.0345
[Coach] >>> TEST  @Epoch: 485  >>> 
[Wall TIME] >>> ChiefCoach.train takes 0.962062 seconds ...
[Coach] >>> TRAIN @Epoch: 486  >>>  || LOSS Avg: 0.01981
[Coach] >>> VALID @Epoch: 486  >>> 
[Coach] >>> TEST  @Epoch: 486  >>> 
[Wall TIME] >>> ChiefCoach.train takes 0.997473 seconds ...
[Coach] >>> TRAIN @Epoch: 487  >>>  || LOSS Avg: 0.01942
[Coach] >>> VALID @Epoch: 487  >>> 
[Coach] >>> TEST  @Epoch: 487  >>> 
[Wall TIME] >>> ChiefCoach.train takes 0.997022 seconds ...
[Coach] >>> TRAIN @Epoch: 488  >>>  || LOSS Avg: 0.01901
[Coach] >>> VALID @Epoch: 488  >>> 
[Coach] >>> TEST  @Epoch: 488  >>> 
[Wall TIME] >>> ChiefCoach.train takes 0.954394 seconds ...
[Coach] >>> TRAIN @Epoch: 489  >>>  || LOSS Avg: 0.01911
[Coach] >>> VALID @Epoch: 489  >>> 
[Coach] >>> TEST  @Epoch: 489  >>> 
[Wall TIME] >>> ChiefCoach.train takes 0.970906 seconds ...
[Wall TIME] >>> ChiefCoach.valid takes 0.200748 seconds ...
[Coach] >>> TRAIN @Epoch: 490  >>>  || LOSS Avg: 0.01925
[Coach] >>> VALID @Epoch: 490  >>>  || RECALL@1 Avg: 0.0108 || RECALL@10 Avg: 0.0495 || RECALL@20 Avg: 0.0737 || NDCG@10 Avg: 0.0278 || NDCG@20 Avg: 0.0339
[Coach] >>> TEST  @Epoch: 490  >>> 
[Wall TIME] >>> ChiefCoach.train takes 0.986839 seconds ...
[Coach] >>> TRAIN @Epoch: 491  >>>  || LOSS Avg: 0.01972
[Coach] >>> VALID @Epoch: 491  >>> 
[Coach] >>> TEST  @Epoch: 491  >>> 
[Wall TIME] >>> ChiefCoach.train takes 0.978403 seconds ...
[Coach] >>> TRAIN @Epoch: 492  >>>  || LOSS Avg: 0.01928
[Coach] >>> VALID @Epoch: 492  >>> 
[Coach] >>> TEST  @Epoch: 492  >>> 
[Wall TIME] >>> ChiefCoach.train takes 1.406336 seconds ...
[Coach] >>> TRAIN @Epoch: 493  >>>  || LOSS Avg: 0.01911
[Coach] >>> VALID @Epoch: 493  >>> 
[Coach] >>> TEST  @Epoch: 493  >>> 
[Wall TIME] >>> ChiefCoach.train takes 1.496125 seconds ...
[Coach] >>> TRAIN @Epoch: 494  >>>  || LOSS Avg: 0.01965
[Coach] >>> VALID @Epoch: 494  >>> 
[Coach] >>> TEST  @Epoch: 494  >>> 
[Wall TIME] >>> ChiefCoach.train takes 0.971285 seconds ...
[Wall TIME] >>> ChiefCoach.valid takes 0.201970 seconds ...
[Coach] >>> TRAIN @Epoch: 495  >>>  || LOSS Avg: 0.01925
[Coach] >>> VALID @Epoch: 495  >>>  || RECALL@1 Avg: 0.0105 || RECALL@10 Avg: 0.0501 || RECALL@20 Avg: 0.0724 || NDCG@10 Avg: 0.0279 || NDCG@20 Avg: 0.0334
[Coach] >>> TEST  @Epoch: 495  >>> 
[Wall TIME] >>> ChiefCoach.train takes 0.967027 seconds ...
[Coach] >>> TRAIN @Epoch: 496  >>>  || LOSS Avg: 0.01958
[Coach] >>> VALID @Epoch: 496  >>> 
[Coach] >>> TEST  @Epoch: 496  >>> 
[Wall TIME] >>> ChiefCoach.train takes 0.953042 seconds ...
[Coach] >>> TRAIN @Epoch: 497  >>>  || LOSS Avg: 0.01918
[Coach] >>> VALID @Epoch: 497  >>> 
[Coach] >>> TEST  @Epoch: 497  >>> 
[Wall TIME] >>> ChiefCoach.train takes 0.944899 seconds ...
[Coach] >>> TRAIN @Epoch: 498  >>>  || LOSS Avg: 0.01909
[Coach] >>> VALID @Epoch: 498  >>> 
[Coach] >>> TEST  @Epoch: 498  >>> 
[Wall TIME] >>> ChiefCoach.train takes 0.961939 seconds ...
[Coach] >>> TRAIN @Epoch: 499  >>>  || LOSS Avg: 0.01922
[Coach] >>> VALID @Epoch: 499  >>> 
[Coach] >>> TEST  @Epoch: 499  >>> 
[Wall TIME] >>> ChiefCoach.train takes 0.981184 seconds ...
[Wall TIME] >>> ChiefCoach.valid takes 0.198864 seconds ...
[Wall TIME] >>> ChiefCoach.test takes 0.550216 seconds ...
[Coach] >>> TRAIN @Epoch: 500  >>>  || LOSS Avg: 0.01936
[Coach] >>> VALID @Epoch: 500  >>>  || RECALL@1 Avg: 0.0111 || RECALL@10 Avg: 0.0492 || RECALL@20 Avg: 0.0718 || NDCG@10 Avg: 0.0280 || NDCG@20 Avg: 0.0336
[Coach] >>> TEST  @Epoch: 500  >>>  || RECALL@1 Avg: 0.0104 || RECALL@10 Avg: 0.0460 || RECALL@20 Avg: 0.0731 || NDCG@10 Avg: 0.0248 || NDCG@20 Avg: 0.0316
     Mode     Metric      Best  @Epoch
0   train       LOSS  0.019014     487
1   valid   RECALL@1  0.014094     215
2   valid  RECALL@10  0.053753     350
3   valid  RECALL@20  0.077679     160
4   valid    NDCG@10  0.030103     220
5   valid    NDCG@20  0.035641     220
6    test   RECALL@1  0.010440       0
7    test  RECALL@10  0.046003       0
8    test  RECALL@20  0.073083       0
9    test    NDCG@10  0.024837       0
10   test    NDCG@20  0.031568       0
[LoG_PaTH] >>> ./logs/STAIR/tiktok/0914025933
[Wall TIME] >>> Coach.summary takes 2.275288 seconds ...
[Coach] >>> Load best model @Epoch 220  
[Wall TIME] >>> ChiefCoach.valid takes 0.227533 seconds ...
[Wall TIME] >>> ChiefCoach.test takes 0.323338 seconds ...
[Coach] >>> TRAIN @Epoch: 220  >>> 
[Coach] >>> VALID @Epoch: 220  >>>  || RECALL@1 Avg: 0.0141 || RECALL@10 Avg: 0.0524 || RECALL@20 Avg: 0.0744 || NDCG@10 Avg: 0.0301 || NDCG@20 Avg: 0.0356
[Coach] >>> TEST  @Epoch: 220  >>>  || RECALL@1 Avg: 0.0098 || RECALL@10 Avg: 0.0558 || RECALL@20 Avg: 0.0799 || NDCG@10 Avg: 0.0292 || NDCG@20 Avg: 0.0352
[Wall TIME] >>> Coach.fit takes 544.264960 seconds ...
